session_id,student_id,tutor_id,subject_id,stamp,duration,status
9974,0,0,2,2025-09-23 18:00:00,1.0,0
2884,1,0,2,2023-09-09 15:00:00,1.0,0
2954,2,0,2,2023-09-22 15:00:00,1.5,0
9697,3,0,1,2025-09-01 17:00:00,1.0,0
9941,4,1,2,2025-09-21 15:00:00,2.0,0
1224,5,0,2,2022-09-30 16:00:00,1.0,0
2860,6,0,2,2023-09-04 16:00:00,1.0,0
1197,7,0,4,2022-09-24 16:00:00,2.0,0
2848,8,0,2,2023-09-02 15:00:00,1.0,0
9717,9,0,1,2025-09-02 15:00:00,1.0,0
2983,10,0,4,2023-09-26 18:00:00,1.0,0
31,11,0,2,2021-09-02 13:00:00,1.0,0
1194,12,0,1,2022-09-23 14:00:00,1.0,0
2930,13,0,2,2023-09-18 18:00:00,1.0,0
5712,14,0,1,2024-09-06 17:00:00,1.0,0
59,15,0,2,2021-09-16 16:00:00,1.0,0
44,16,0,2,2021-09-08 16:00:00,1.0,0
1115,17,0,2,2022-09-03 17:00:00,1.0,0
2861,18,0,2,2023-09-04 18:00:00,1.0,0
2838,19,0,2,2023-09-01 17:00:00,1.5,0
5786,20,0,3,2024-09-16 14:00:00,1.0,0
1116,21,0,1,2022-09-03 16:00:00,1.0,0
2895,22,0,1,2023-09-11 14:00:00,1.0,0
2955,23,0,2,2023-09-22 18:00:00,1.0,0
1211,24,0,1,2022-09-26 15:00:00,1.0,0
9930,25,0,2,2025-09-20 15:00:00,1.0,0
2946,26,0,3,2023-09-20 13:00:00,1.0,0
2871,27,0,3,2023-09-06 16:00:00,1.0,0
30,28,0,1,2021-09-01 17:00:00,1.0,0
9741,29,0,1,2025-09-04 18:00:00,2.0,0
1392,30,0,2,2022-10-29 15:00:00,2.0,0
46,31,0,1,2021-09-08 14:00:00,1.0,0
11018,32,5,2,2025-11-21 13:00:00,1.0,0
3224,33,0,2,2023-10-28 16:00:00,1.0,0
10219,34,1,1,2025-10-10 13:00:00,1.0,0
71,35,0,1,2021-09-20 16:00:00,1.0,0
76,36,0,1,2021-09-22 16:00:00,1.0,0
10540,37,1,2,2025-10-28 14:00:00,1.0,0
9726,38,0,1,2025-09-03 13:00:00,1.0,0
2908,39,0,2,2023-09-13 13:00:00,1.0,0
90,40,0,1,2021-09-28 15:00:00,1.0,0
120,41,0,4,2021-10-09 13:00:00,1.0,0
9850,42,0,2,2025-09-14 13:00:00,1.0,0
106,43,0,1,2021-10-03 16:00:00,2.0,0
1230,44,0,2,2022-10-01 18:00:00,2.0,0
9880,45,0,1,2025-09-16 15:00:00,1.5,0
1454,46,0,4,2022-11-07 17:00:00,1.0,0
3364,47,2,1,2023-11-11 14:00:00,1.0,0
10514,48,1,2,2025-10-27 18:00:00,1.0,0
157,49,0,1,2021-10-23 18:00:00,1.0,0
246,50,0,1,2021-11-17 13:00:00,1.0,0
167,51,0,1,2021-10-26 15:00:00,1.0,0
6317,52,3,2,2024-11-04 18:00:00,1.5,0
1378,53,0,2,2022-10-27 16:00:00,1.0,0
3167,54,0,1,2023-10-21 18:00:00,1.0,0
180,55,0,1,2021-10-30 16:00:00,1.0,0
184,56,0,1,2021-10-31 17:00:00,1.0,0
1182,57,0,2,2022-09-19 14:00:00,1.0,0
3247,58,0,2,2023-10-31 17:00:00,1.0,0
3132,59,0,2,2023-10-17 14:00:00,1.0,0
215,60,0,1,2021-11-09 13:00:00,1.0,0
9742,61,0,3,2025-09-04 14:00:00,1.0,0
263,62,0,2,2021-11-22 14:00:00,1.0,0
233,63,0,1,2021-11-14 17:00:00,2.0,0
6446,64,3,2,2024-11-13 14:00:00,2.0,0
6011,65,0,2,2024-10-09 14:00:00,1.0,0
255,66,0,1,2021-11-20 13:00:00,1.0,0
264,67,0,1,2021-11-22 14:00:00,1.0,0
2876,68,0,1,2023-09-08 17:00:00,1.0,0
279,69,0,1,2021-11-26 16:00:00,1.0,0
294,70,0,1,2021-11-29 15:00:00,1.0,0
3493,71,2,1,2023-11-24 17:00:00,1.0,0
5823,72,1,4,2024-09-20 17:00:00,1.0,0
10808,73,3,6,2025-11-11 13:00:00,1.0,0
332,74,0,1,2021-12-07 14:00:00,1.0,0
345,75,0,1,2021-12-11 16:00:00,1.0,0
5775,76,0,6,2024-09-15 16:00:00,1.0,0
9955,77,1,1,2025-09-22 18:00:00,1.0,0
464,78,1,1,2022-01-10 13:00:00,1.0,0
11036,79,4,6,2025-11-22 16:00:00,1.0,0
6187,80,1,1,2024-10-25 13:00:00,1.0,0
3099,81,0,6,2023-10-13 16:00:00,1.0,0
503,82,0,1,2022-01-22 18:00:00,1.0,0
10176,83,0,4,2025-10-07 15:00:00,1.0,0
3019,84,1,1,2023-10-02 16:00:00,1.0,0
5705,85,1,4,2024-09-05 18:00:00,2.0,0
10029,86,1,3,2025-09-28 13:00:00,1.0,0
584,87,0,1,2022-02-16 16:00:00,1.5,0
9851,88,1,5,2025-09-14 17:00:00,1.0,0
1557,89,1,4,2022-11-23 16:00:00,1.0,0
5960,90,2,1,2024-10-04 17:00:00,1.0,0
6122,91,2,2,2024-10-19 16:00:00,1.0,0
1145,92,0,3,2022-09-10 18:00:00,1.0,0
2877,93,0,1,2023-09-08 18:00:00,1.0,0
5889,94,1,2,2024-09-27 14:00:00,1.0,0
673,95,0,1,2022-03-13 13:00:00,2.0,0
1577,96,1,3,2022-11-26 16:00:00,1.0,0
9829,97,0,5,2025-09-12 13:00:00,1.0,0
9942,98,1,2,2025-09-21 17:00:00,1.0,0
10499,99,3,2,2025-10-26 15:00:00,1.0,0
1293,100,1,2,2022-10-12 16:00:00,1.0,0
6586,101,3,3,2024-11-22 15:00:00,2.0,0
6361,102,3,1,2024-11-07 13:00:00,1.0,0
2840,103,0,2,2023-09-01 17:00:00,2.0,0
10417,104,1,2,2025-10-21 16:00:00,1.0,0
831,105,0,1,2022-04-26 16:00:00,1.0,0
1333,106,0,6,2022-10-18 17:00:00,1.0,0
9863,107,0,2,2025-09-15 18:00:00,1.0,0
10123,108,2,1,2025-10-04 14:00:00,1.0,0
911,109,1,1,2022-05-15 15:00:00,1.0,0
2903,110,1,1,2023-09-12 13:00:00,1.0,0
3203,111,0,2,2023-10-25 15:00:00,1.0,0
1241,112,0,2,2022-10-02 14:00:00,1.0,0
3136,113,0,2,2023-10-17 14:00:00,1.0,0
5741,114,0,2,2024-09-10 18:00:00,1.0,0
1042,115,1,1,2022-07-02 18:00:00,1.0,0
3309,116,0,5,2023-11-06 14:00:00,1.0,0
1054,117,1,1,2022-07-16 15:00:00,1.0,0
1559,118,1,3,2022-11-23 15:00:00,1.0,0
1059,119,1,1,2022-07-21 18:00:00,1.0,0
10108,120,0,1,2025-10-03 15:00:00,1.0,0
1064,121,1,1,2022-07-25 13:00:00,1.5,0
3148,122,0,1,2023-10-19 18:00:00,1.5,0
11054,123,3,2,2025-11-23 17:00:00,1.0,0
5916,124,1,3,2024-09-30 14:00:00,1.0,0
3274,125,2,1,2023-11-02 13:00:00,1.0,0
1234,126,1,2,2022-10-01 16:00:00,1.0,0
3263,127,0,1,2023-11-01 18:00:00,1.0,0
3082,128,0,4,2023-10-10 15:00:00,1.0,0
9921,129,0,2,2025-09-19 18:00:00,1.0,0
1095,130,0,1,2022-08-20 16:00:00,1.0,0
1097,131,1,1,2022-08-21 13:00:00,1.0,0
2977,132,1,2,2023-09-25 13:00:00,2.0,0
11114,133,0,4,2025-11-26 18:00:00,1.0,0
6261,134,2,2,2024-10-31 16:00:00,1.0,0
1113,135,1,1,2022-09-01 16:00:00,1.0,0
6609,136,3,6,2024-11-23 17:00:00,1.0,0
3185,137,1,3,2023-10-23 13:00:00,1.0,0
9977,138,1,2,2025-09-23 13:00:00,1.0,0
5988,139,1,2,2024-10-07 13:00:00,1.0,0
1490,140,0,6,2022-11-12 16:00:00,1.0,0
1316,141,1,2,2022-10-15 16:00:00,1.0,0
1149,142,0,1,2022-09-10 13:00:00,1.0,0
6163,143,1,2,2024-10-23 17:00:00,1.0,0
10822,144,3,2,2025-11-12 16:00:00,1.5,0
1162,145,1,1,2022-09-13 17:00:00,1.0,0
10363,146,4,4,2025-10-18 15:00:00,1.0,0
1168,147,1,1,2022-09-16 13:00:00,2.0,0
1181,148,1,1,2022-09-18 16:00:00,1.0,0
5724,149,1,2,2024-09-08 15:00:00,1.0,0
2920,150,0,2,2023-09-16 16:00:00,1.0,0
3169,151,0,2,2023-10-21 17:00:00,1.0,0
1205,152,1,1,2022-09-24 15:00:00,1.0,0
1210,153,1,1,2022-09-25 16:00:00,1.0,0
11142,154,4,1,2025-11-27 14:00:00,1.0,0
1219,155,0,1,2022-09-27 13:00:00,1.0,0
1220,156,1,1,2022-09-28 18:00:00,1.0,0
1227,157,1,1,2022-09-30 13:00:00,1.0,0
9796,158,0,2,2025-09-09 16:00:00,1.0,0
10468,159,3,2,2025-10-24 16:00:00,1.0,0
6405,160,2,1,2024-11-10 18:00:00,1.0,0
1256,161,1,1,2022-10-04 13:00:00,1.0,0
1262,162,1,1,2022-10-06 17:00:00,1.0,0
1276,163,1,1,2022-10-08 17:00:00,1.0,0
10065,164,0,3,2025-09-30 18:00:00,1.0,0
1287,165,1,1,2022-10-10 17:00:00,1.0,0
11000,166,1,3,2025-11-20 18:00:00,1.0,0
3253,167,0,3,2023-10-31 16:00:00,1.0,0
9894,168,0,1,2025-09-17 15:00:00,1.0,0
1337,169,0,3,2022-10-18 14:00:00,1.0,0
10710,170,1,4,2025-11-06 15:00:00,1.0,0
1375,171,0,1,2022-10-25 17:00:00,1.0,0
1383,172,0,1,2022-10-27 15:00:00,1.0,0
5832,173,1,2,2024-09-21 15:00:00,1.0,0
10343,174,2,4,2025-10-17 16:00:00,1.0,0
5990,175,0,3,2024-10-07 16:00:00,1.0,0
6123,176,2,2,2024-10-19 18:00:00,1.0,0
10221,177,0,4,2025-10-10 18:00:00,1.0,0
10222,178,2,2,2025-10-10 17:00:00,1.0,0
3345,179,2,2,2023-11-09 13:00:00,1.0,0
3474,180,2,2,2023-11-22 14:00:00,1.0,0
1482,181,1,1,2022-11-11 13:00:00,2.0,0
5980,182,0,1,2024-10-06 16:00:00,1.0,0
1501,183,0,1,2022-11-13 15:00:00,1.0,0
5809,184,0,2,2024-09-18 15:00:00,1.0,0
10187,185,0,1,2025-10-08 17:00:00,1.0,0
10150,186,0,2,2025-10-06 13:00:00,1.0,0
6263,187,2,2,2024-10-31 15:00:00,1.0,0
6133,188,1,2,2024-10-20 18:00:00,1.0,0
3508,189,2,1,2023-11-25 15:00:00,1.5,0
3105,190,0,2,2023-10-13 15:00:00,1.5,0
10975,191,3,3,2025-11-19 15:00:00,1.0,0
3475,192,1,4,2023-11-22 18:00:00,1.0,0
1646,193,1,1,2022-12-08 16:00:00,1.0,0
1668,194,1,1,2022-12-12 13:00:00,1.0,0
5742,195,1,2,2024-09-10 16:00:00,1.0,0
10711,196,4,3,2025-11-06 13:00:00,1.0,0
10418,197,4,2,2025-10-21 16:00:00,1.0,0
3520,198,2,4,2023-11-26 17:00:00,2.0,0
1721,199,0,1,2022-12-22 18:00:00,1.0,0
1758,200,0,1,2022-12-29 16:00:00,1.0,0
1764,201,0,1,2022-12-30 13:00:00,1.0,0
6364,202,3,2,2024-11-07 15:00:00,1.0,0
9986,203,0,1,2025-09-24 17:00:00,1.0,0
1790,204,1,1,2023-01-04 18:00:00,1.0,0
1820,205,1,2,2023-01-09 18:00:00,1.5,0
1827,206,1,2,2023-01-10 18:00:00,1.0,0
1837,207,0,1,2023-01-12 13:00:00,1.0,0
1854,208,1,2,2023-01-15 14:00:00,1.0,0
3001,209,1,2,2023-09-29 13:00:00,1.0,0
3149,210,0,4,2023-10-19 16:00:00,1.0,0
1878,211,0,1,2023-01-19 17:00:00,1.0,0
1899,212,0,1,2023-01-23 13:00:00,1.0,0
5733,213,1,3,2024-09-09 15:00:00,1.0,0
9895,214,0,2,2025-09-17 16:00:00,1.5,0
5929,215,1,2,2024-10-01 16:00:00,1.0,0
11055,216,1,1,2025-11-23 14:00:00,1.0,0
10451,217,0,2,2025-10-23 14:00:00,1.0,0
10914,218,3,3,2025-11-16 14:00:00,1.0,0
2022,219,0,1,2023-02-16 17:00:00,1.0,0
9743,220,1,1,2025-09-04 15:00:00,1.0,0
9762,221,0,1,2025-09-06 16:00:00,1.0,0
2047,222,0,1,2023-02-22 15:00:00,1.0,0
2056,223,1,1,2023-02-23 18:00:00,1.0,0
6447,224,2,5,2024-11-13 16:00:00,1.0,0
6552,225,2,2,2024-11-20 18:00:00,1.0,0
3264,226,2,1,2023-11-01 13:00:00,1.0,0
6634,227,2,2,2024-11-25 16:00:00,1.0,0
2959,228,1,6,2023-09-22 13:00:00,1.0,0
2177,229,0,1,2023-03-21 16:00:00,2.0,0
10022,230,0,4,2025-09-27 13:00:00,1.0,0
6305,231,3,2,2024-11-03 18:00:00,2.0,0
2217,232,0,1,2023-03-29 17:00:00,1.0,0
10608,233,1,4,2025-11-01 13:00:00,1.0,0
2284,234,0,1,2023-04-11 13:00:00,1.0,0
5690,235,1,5,2024-09-03 18:00:00,1.0,0
2303,236,0,2,2023-04-14 15:00:00,1.0,0
2308,237,0,1,2023-04-16 15:00:00,2.0,0
3376,238,0,1,2023-11-12 14:00:00,1.0,0
3485,239,2,2,2023-11-23 16:00:00,1.0,0
2371,240,0,1,2023-04-26 13:00:00,1.0,0
3178,241,0,5,2023-10-22 18:00:00,1.0,0
10095,242,1,2,2025-10-02 14:00:00,1.0,0
2424,243,0,1,2023-05-05 14:00:00,1.0,0
2898,244,0,2,2023-09-11 16:00:00,1.0,0
10853,245,1,2,2025-11-13 15:00:00,1.0,0
10555,246,3,2,2025-10-29 16:00:00,1.0,0
6211,247,2,2,2024-10-27 13:00:00,1.0,0
2468,248,1,1,2023-05-13 16:00:00,1.0,0
6691,249,3,1,2024-11-28 13:00:00,1.0,0
6212,250,1,2,2024-10-27 18:00:00,1.0,0
6096,251,2,3,2024-10-17 17:00:00,1.0,0
2950,252,0,2,2023-09-21 15:00:00,2.0,0
6588,253,0,5,2024-11-22 13:00:00,1.0,0
10915,254,5,2,2025-11-16 17:00:00,1.0,0
5717,255,0,1,2024-09-07 15:00:00,1.0,0
5824,256,0,2,2024-09-20 15:00:00,1.0,0
3430,257,2,2,2023-11-18 13:00:00,1.0,0
2618,258,1,1,2023-06-10 14:00:00,1.0,0
6244,259,2,2,2024-10-30 18:00:00,1.0,0
6109,260,1,1,2024-10-18 13:00:00,1.0,0
10854,261,4,2,2025-11-13 16:00:00,1.0,0
2651,262,0,1,2023-06-16 16:00:00,1.0,0
2676,263,0,1,2023-06-22 17:00:00,1.5,0
5700,264,0,2,2024-09-04 13:00:00,1.0,0
6590,265,3,2,2024-11-22 17:00:00,2.0,0
2858,266,1,2,2023-09-03 18:00:00,1.0,0
2706,267,1,1,2023-06-30 14:00:00,1.0,0
2723,268,1,1,2023-07-07 13:00:00,1.0,0
6575,269,3,6,2024-11-21 17:00:00,1.0,0
3266,270,2,2,2023-11-01 13:00:00,1.5,0
3446,271,1,2,2023-11-19 16:00:00,1.0,0
10609,272,4,2,2025-11-01 15:00:00,2.0,0
2743,273,0,1,2023-07-17 13:00:00,1.0,0
5834,274,1,3,2024-09-21 17:00:00,1.0,0
9718,275,1,3,2025-09-02 15:00:00,1.0,0
10256,276,3,4,2025-10-12 16:00:00,1.0,0
2785,277,0,1,2023-08-07 14:00:00,1.0,0
5883,278,0,2,2024-09-26 17:00:00,1.0,0
5751,279,0,1,2024-09-11 16:00:00,2.0,0
11039,280,4,2,2025-11-22 13:00:00,1.0,0
10126,281,0,1,2025-10-04 15:00:00,1.0,0
2912,282,1,1,2023-09-14 13:00:00,1.5,0
11041,283,0,4,2025-11-22 17:00:00,2.0,0
6650,284,3,2,2024-11-26 16:00:00,2.0,0
2814,285,0,1,2023-08-19 13:00:00,1.0,0
3432,286,2,1,2023-11-18 17:00:00,1.0,0
2819,287,1,1,2023-08-22 13:00:00,1.5,0
2829,288,0,1,2023-08-26 14:00:00,1.0,0
2935,289,0,6,2023-09-18 18:00:00,1.0,0
10899,290,4,1,2025-11-15 18:00:00,1.0,0
2847,291,0,1,2023-09-01 17:00:00,1.0,0
10932,292,0,2,2025-11-17 17:00:00,1.0,0
6320,293,3,4,2024-11-04 17:00:00,1.0,0
10390,294,0,3,2025-10-20 13:00:00,1.0,0
3154,295,1,3,2023-10-19 14:00:00,1.0,0
2875,296,0,2,2023-09-07 13:00:00,1.5,0
3070,297,1,1,2023-10-08 13:00:00,1.0,0
5800,298,1,1,2024-09-17 15:00:00,1.0,0
10686,299,3,2,2025-11-05 14:00:00,2.0,0
3088,300,1,2,2023-10-10 16:00:00,1.0,0
2907,301,1,1,2023-09-12 16:00:00,1.5,0
2910,302,0,1,2023-09-13 17:00:00,1.0,0
6366,303,2,5,2024-11-07 15:00:00,1.0,0
3211,304,1,2,2023-10-26 14:00:00,1.0,0
9698,305,1,2,2025-09-01 13:00:00,1.0,0
11200,306,1,2,2025-11-30 18:00:00,1.0,0
6085,307,1,3,2024-10-16 17:00:00,1.0,0
9911,308,0,2,2025-09-18 15:00:00,1.0,0
2953,309,1,1,2023-09-21 17:00:00,1.0,0
2964,310,1,1,2023-09-22 13:00:00,1.0,0
2969,311,1,2,2023-09-23 14:00:00,1.0,0
5744,312,0,2,2024-09-10 17:00:00,1.0,0
10876,313,4,2,2025-11-14 15:00:00,1.0,0
11163,314,5,5,2025-11-28 15:00:00,1.5,0
10687,315,4,1,2025-11-05 18:00:00,1.0,0
10611,316,4,2,2025-11-01 16:00:00,1.0,0
6144,317,2,4,2024-10-21 13:00:00,1.0,0
5899,318,1,1,2024-09-28 17:00:00,1.0,0
6110,319,0,2,2024-10-18 18:00:00,1.0,0
6396,320,0,2,2024-11-09 16:00:00,1.0,0
5713,321,1,2,2024-09-06 17:00:00,1.0,0
10002,322,0,6,2025-09-25 13:00:00,1.0,0
6450,323,3,2,2024-11-13 13:00:00,1.0,0
5890,324,1,4,2024-09-27 16:00:00,1.0,0
6295,325,3,2,2024-11-02 17:00:00,1.0,0
3143,326,0,1,2023-10-17 18:00:00,1.5,0
3147,327,1,1,2023-10-18 13:00:00,1.0,0
5778,328,1,2,2024-09-15 17:00:00,1.0,0
5726,329,1,2,2024-09-08 13:00:00,1.0,0
3173,330,0,1,2023-10-21 14:00:00,1.0,0
3181,331,1,1,2023-10-22 14:00:00,1.0,0
10327,332,3,6,2025-10-16 13:00:00,1.0,0
3206,333,0,1,2023-10-25 16:00:00,1.0,0
3213,334,1,1,2023-10-26 17:00:00,1.0,0
10958,335,0,2,2025-11-18 15:00:00,1.0,0
9881,336,1,2,2025-09-16 13:00:00,1.0,0
10488,337,4,2,2025-10-25 18:00:00,1.0,0
10096,338,2,2,2025-10-02 18:00:00,1.5,0
3280,339,1,1,2023-11-02 16:00:00,1.0,0
10043,340,0,5,2025-09-29 14:00:00,1.0,0
3298,341,2,1,2023-11-04 13:00:00,1.0,0
3526,342,1,2,2023-11-26 14:00:00,1.0,0
3341,343,2,1,2023-11-08 15:00:00,1.0,0
10916,344,5,3,2025-11-16 14:00:00,1.0,0
3371,345,2,1,2023-11-11 18:00:00,1.0,0
11003,346,1,3,2025-11-20 18:00:00,1.0,0
10257,347,4,6,2025-10-12 15:00:00,1.0,0
3416,348,0,1,2023-11-16 14:00:00,1.0,0
3437,349,1,1,2023-11-18 17:00:00,1.0,0
10777,350,4,2,2025-11-10 17:00:00,1.0,0
10152,351,2,1,2025-10-06 13:00:00,1.0,0
3481,352,2,1,2023-11-22 15:00:00,1.0,0
11056,353,3,3,2025-11-23 18:00:00,1.0,0
10856,354,4,4,2025-11-13 16:00:00,1.0,0
6113,355,2,1,2024-10-18 13:00:00,1.0,0
3551,356,1,1,2023-11-28 13:00:00,1.0,0
5953,357,2,2,2024-10-03 18:00:00,1.0,0
10500,358,2,6,2025-10-26 18:00:00,1.0,0
10306,359,3,1,2025-10-15 17:00:00,1.0,0
5835,360,1,1,2024-09-21 16:00:00,1.0,0
3662,361,1,1,2023-12-09 17:00:00,1.0,0
3698,362,1,2,2023-12-13 15:00:00,1.0,0
9956,363,2,1,2025-09-22 15:00:00,1.0,0
10828,364,4,1,2025-11-12 17:00:00,1.0,0
3742,365,1,1,2023-12-17 17:00:00,1.0,0
5954,366,0,1,2024-10-03 18:00:00,2.0,0
3763,367,0,1,2023-12-19 14:00:00,1.0,0
9821,368,1,2,2025-09-11 14:00:00,1.0,0
3782,369,2,1,2023-12-21 13:00:00,1.0,0
3793,370,0,1,2023-12-22 18:00:00,1.0,0
11043,371,2,4,2025-11-22 14:00:00,1.0,0
10419,372,1,2,2025-10-21 15:00:00,1.0,0
3855,373,2,2,2023-12-28 15:00:00,1.0,0
6004,374,1,1,2024-10-08 15:00:00,1.0,0
10714,375,4,1,2025-11-06 17:00:00,1.0,0
10829,376,3,2,2025-11-12 15:00:00,1.0,0
3967,377,2,1,2024-01-08 14:00:00,1.0,0
10780,378,3,2,2025-11-10 17:00:00,1.0,0
4040,379,2,1,2024-01-15 13:00:00,1.0,0
4059,380,2,1,2024-01-17 14:00:00,1.0,0
4104,381,2,1,2024-01-21 17:00:00,1.0,0
4112,382,0,1,2024-01-22 16:00:00,1.0,0
10612,383,3,2,2025-11-01 18:00:00,2.0,0
5902,384,1,2,2024-09-28 18:00:00,1.0,0
9912,385,2,4,2025-09-18 16:00:00,1.0,0
9932,386,2,3,2025-09-20 14:00:00,1.0,0
5811,387,2,1,2024-09-18 18:00:00,1.0,0
10128,388,0,5,2025-10-04 13:00:00,1.0,0
4276,389,0,1,2024-02-08 16:00:00,1.0,0
4305,390,1,1,2024-02-11 18:00:00,1.0,0
9933,391,0,3,2025-09-20 17:00:00,1.0,0
6055,392,2,2,2024-10-13 14:00:00,1.0,0
10273,393,0,3,2025-10-13 13:00:00,1.0,0
6167,394,0,1,2024-10-23 16:00:00,1.0,0
4399,395,1,1,2024-02-21 13:00:00,1.0,0
4433,396,0,1,2024-02-24 16:00:00,1.0,0
4449,397,2,1,2024-02-26 15:00:00,1.0,0
4458,398,1,1,2024-02-27 16:00:00,1.0,0
10613,399,2,2,2025-11-01 16:00:00,1.0,0
4479,400,2,1,2024-02-29 18:00:00,1.0,0
10557,401,0,2,2025-10-29 15:00:00,1.0,0
9797,402,1,4,2025-09-09 18:00:00,1.0,0
5707,403,1,1,2024-09-05 17:00:00,1.0,0
10366,404,2,5,2025-10-18 17:00:00,1.0,0
6557,405,3,5,2024-11-20 17:00:00,1.0,0
10011,406,1,2,2025-09-26 15:00:00,1.0,0
5708,407,1,2,2024-09-05 14:00:00,1.0,0
4632,408,1,1,2024-03-17 17:00:00,1.0,0
10917,409,5,6,2025-11-16 15:00:00,1.0,0
4650,410,0,1,2024-03-19 18:00:00,1.0,0
4666,411,0,1,2024-03-21 14:00:00,1.0,0
4674,412,1,4,2024-03-22 13:00:00,1.0,0
10558,413,2,1,2025-10-29 18:00:00,1.0,0
6524,414,1,1,2024-11-18 18:00:00,1.0,0
10935,415,4,1,2025-11-17 14:00:00,1.0,0
4728,416,1,1,2024-03-28 14:00:00,2.0,0
5853,417,0,2,2024-09-23 13:00:00,1.0,0
10877,418,4,2,2025-11-14 16:00:00,1.0,0
10751,419,2,2,2025-11-08 14:00:00,1.0,0
9844,420,1,6,2025-09-13 18:00:00,1.0,0
10258,421,2,1,2025-10-12 13:00:00,1.5,0
4795,422,0,1,2024-04-05 17:00:00,1.0,0
4812,423,1,1,2024-04-07 16:00:00,1.0,0
4847,424,0,1,2024-04-11 14:00:00,1.0,0
5790,425,1,2,2024-09-16 17:00:00,1.0,0
4907,426,1,3,2024-04-18 13:00:00,1.0,0
4931,427,0,4,2024-04-21 14:00:00,1.0,0
6453,428,2,1,2024-11-13 15:00:00,1.0,0
4958,429,0,1,2024-04-24 13:00:00,2.0,0
11202,430,1,2,2025-11-30 18:00:00,1.0,0
5675,431,1,1,2024-09-01 18:00:00,1.0,0
9807,432,1,2,2025-09-10 15:00:00,1.0,0
5082,433,1,3,2024-05-08 17:00:00,1.0,0
5709,434,2,5,2024-09-05 15:00:00,1.0,0
5745,435,2,1,2024-09-10 18:00:00,1.0,0
5135,436,0,1,2024-05-14 15:00:00,1.0,0
5171,437,0,1,2024-05-18 16:00:00,1.0,0
5188,438,0,1,2024-05-20 14:00:00,1.0,0
5692,439,0,1,2024-09-03 14:00:00,1.0,0
5237,440,0,1,2024-05-26 18:00:00,1.0,0
10781,441,1,2,2025-11-10 13:00:00,1.0,0
6725,442,3,1,2024-11-30 18:00:00,1.0,0
10764,443,3,2,2025-11-09 14:00:00,1.0,0
5304,444,1,1,2024-06-05 17:00:00,1.5,0
6694,445,3,6,2024-11-28 15:00:00,1.0,0
10307,446,0,2,2025-10-15 17:00:00,1.0,0
5331,447,1,1,2024-06-09 15:00:00,1.0,0
5336,448,0,1,2024-06-10 16:00:00,1.0,0
5357,449,2,1,2024-06-13 13:00:00,1.0,0
10154,450,2,2,2025-10-06 13:00:00,1.0,0
5376,451,1,1,2024-06-16 14:00:00,1.0,0
5389,452,1,1,2024-06-18 14:00:00,1.0,0
10367,453,3,3,2025-10-18 13:00:00,1.0,0
5684,454,0,2,2024-09-02 14:00:00,1.0,0
10045,455,1,5,2025-09-29 18:00:00,2.0,0
5424,456,2,1,2024-06-24 13:00:00,1.0,0
5431,457,2,2,2024-06-25 14:00:00,1.0,0
6323,458,2,1,2024-11-04 14:00:00,1.0,0
9798,459,2,4,2025-09-09 17:00:00,1.0,0
10782,460,2,2,2025-11-10 16:00:00,2.0,0
6455,461,3,3,2024-11-13 15:00:00,1.0,0
6627,462,1,2,2024-11-24 18:00:00,1.0,0
5481,463,0,1,2024-07-04 13:00:00,1.0,0
5484,464,2,1,2024-07-06 14:00:00,1.5,0
10542,465,1,2,2025-10-28 18:00:00,1.0,0
9830,466,1,2,2025-09-12 18:00:00,1.0,0
6615,467,2,3,2024-11-23 14:00:00,1.0,0
5509,468,0,1,2024-07-13 14:00:00,1.0,0
5515,469,2,1,2024-07-14 17:00:00,1.0,0
5519,470,0,1,2024-07-15 15:00:00,1.0,0
10614,471,3,4,2025-11-01 17:00:00,1.5,0
9780,472,1,4,2025-09-08 13:00:00,1.0,0
6578,473,3,2,2024-11-21 15:00:00,1.0,0
5568,474,0,1,2024-07-29 14:00:00,1.0,0
5753,475,1,1,2024-09-11 17:00:00,1.0,0
9913,476,0,3,2025-09-18 14:00:00,1.0,0
10189,477,2,2,2025-10-08 13:00:00,1.0,0
5594,478,0,2,2024-08-06 16:00:00,1.0,0
5694,479,1,1,2024-09-03 18:00:00,1.0,0
9719,480,2,4,2025-09-02 14:00:00,1.0,0
5605,481,1,1,2024-08-10 16:00:00,1.0,0
10783,482,4,1,2025-11-10 13:00:00,1.0,0
5922,483,1,2,2024-09-30 18:00:00,1.0,0
6139,484,2,2,2024-10-20 16:00:00,1.0,0
5965,485,0,1,2024-10-04 16:00:00,1.0,0
11186,486,4,1,2025-11-29 17:00:00,1.0,0
6182,487,2,4,2024-10-24 15:00:00,1.0,0
5643,488,0,1,2024-08-21 16:00:00,1.0,0
5937,489,0,3,2024-10-01 14:00:00,1.0,0
5646,490,1,2,2024-08-23 15:00:00,1.0,0
5869,491,2,2,2024-09-24 16:00:00,1.0,0
5857,492,1,1,2024-09-23 17:00:00,1.0,0
10208,493,2,1,2025-10-09 13:00:00,1.0,0
5681,494,1,1,2024-09-01 15:00:00,1.0,0
5687,495,2,1,2024-09-02 16:00:00,1.0,0
5870,496,0,3,2024-09-24 13:00:00,1.0,0
5711,497,0,1,2024-09-05 14:00:00,1.0,0
10245,498,0,2,2025-10-11 16:00:00,1.0,0
5723,499,2,2,2024-09-07 15:00:00,1.0,0
5740,500,0,1,2024-09-09 17:00:00,1.5,0
5750,501,2,1,2024-09-10 18:00:00,1.0,0
6491,502,3,2,2024-11-15 17:00:00,1.0,0
10518,503,1,2,2025-10-27 17:00:00,1.0,0
5767,504,1,1,2024-09-13 18:00:00,1.0,0
9799,505,0,1,2025-09-09 13:00:00,1.0,0
9852,506,2,1,2025-09-14 15:00:00,1.0,0
5808,507,2,2,2024-09-17 13:00:00,1.0,0
10046,508,1,2,2025-09-29 16:00:00,1.0,0
5821,509,1,2,2024-09-19 18:00:00,1.0,0
5830,510,1,1,2024-09-20 16:00:00,1.0,0
5841,511,1,3,2024-09-21 18:00:00,1.5,0
5850,512,1,2,2024-09-22 17:00:00,1.5,0
6474,513,3,2,2024-11-14 18:00:00,1.0,0
5872,514,2,4,2024-09-24 13:00:00,1.0,0
5881,515,0,1,2024-09-25 16:00:00,1.0,0
5897,516,1,1,2024-09-27 18:00:00,1.0,0
10615,517,2,2,2025-11-01 14:00:00,1.0,0
5926,518,0,4,2024-09-30 18:00:00,1.0,0
5950,519,0,1,2024-10-02 13:00:00,1.0,0
10023,520,2,1,2025-09-27 15:00:00,1.0,0
5970,521,1,6,2024-10-04 16:00:00,1.0,0
6290,522,2,5,2024-11-01 17:00:00,1.0,0
6201,523,1,2,2024-10-25 14:00:00,1.0,0
9831,524,1,2,2025-09-12 13:00:00,1.0,0
9768,525,2,2,2025-09-07 16:00:00,1.0,0
6061,526,2,3,2024-10-13 17:00:00,2.0,0
6071,527,0,1,2024-10-14 16:00:00,1.5,0
6093,528,2,1,2024-10-16 17:00:00,1.0,0
10078,529,1,2,2025-10-01 15:00:00,1.0,0
6645,530,2,1,2024-11-25 14:00:00,1.0,0
6131,531,2,2,2024-10-19 14:00:00,1.0,0
9944,532,2,2,2025-09-21 18:00:00,2.0,0
6605,533,3,3,2024-11-22 14:00:00,1.0,0
10421,534,4,2,2025-10-21 13:00:00,1.0,0
10579,535,0,6,2025-10-30 18:00:00,1.0,0
10469,536,3,2,2025-10-24 17:00:00,2.0,0
6718,537,0,2,2024-11-29 18:00:00,1.0,0
10671,538,1,3,2025-11-04 15:00:00,2.0,0
10003,539,2,1,2025-09-25 18:00:00,1.0,0
6391,540,2,1,2024-11-08 14:00:00,1.0,0
11007,541,2,1,2025-11-20 14:00:00,1.0,0
6257,542,1,1,2024-10-30 15:00:00,2.0,0
6258,543,0,1,2024-10-30 14:00:00,1.5,0
9987,544,2,4,2025-09-24 14:00:00,1.0,0
6269,545,0,4,2024-10-31 15:00:00,1.0,0
6292,546,3,4,2024-11-01 14:00:00,1.0,0
10223,547,3,2,2025-10-10 13:00:00,1.0,0
10901,548,2,6,2025-11-15 13:00:00,1.0,0
6316,549,1,5,2024-11-03 18:00:00,1.0,0
9770,550,3,1,2025-09-07 15:00:00,1.0,0
6339,551,2,1,2024-11-05 18:00:00,1.0,0
10224,552,3,1,2025-10-10 14:00:00,1.0,0
6359,553,2,1,2024-11-06 17:00:00,1.0,0
10130,554,3,2,2025-10-04 13:00:00,1.0,0
6661,555,2,1,2024-11-26 17:00:00,2.0,0
6403,556,0,1,2024-11-09 16:00:00,1.0,0
6404,557,3,1,2024-11-09 13:00:00,2.0,0
6416,558,1,4,2024-11-10 15:00:00,1.0,0
6429,559,3,1,2024-11-11 14:00:00,1.0,0
6443,560,3,1,2024-11-12 13:00:00,1.0,0
6444,561,3,2,2024-11-12 17:00:00,1.0,0
10691,562,1,1,2025-11-05 16:00:00,1.0,0
6475,563,2,1,2024-11-14 14:00:00,1.0,0
10140,564,2,1,2025-10-05 14:00:00,1.0,0
6509,565,2,4,2024-11-16 14:00:00,1.0,0
6534,566,2,1,2024-11-18 14:00:00,1.0,0
6535,567,1,3,2024-11-18 13:00:00,1.0,0
10393,568,2,1,2025-10-20 15:00:00,1.0,0
6549,569,3,1,2024-11-19 16:00:00,1.0,0
6569,570,1,2,2024-11-20 16:00:00,1.0,0
6570,571,3,1,2024-11-20 13:00:00,1.0,0
10394,572,0,2,2025-10-20 13:00:00,1.0,0
10860,573,4,2,2025-11-13 17:00:00,1.5,0
6619,574,3,1,2024-11-23 13:00:00,1.0,0
11061,575,0,4,2025-11-23 15:00:00,1.0,0
6630,576,3,2,2024-11-24 13:00:00,1.0,0
9699,577,3,2,2025-09-01 15:00:00,1.0,0
10505,578,3,2,2025-10-26 16:00:00,2.0,0
6665,579,2,1,2024-11-26 14:00:00,1.0,0
10810,580,1,6,2025-11-11 16:00:00,1.0,0
6685,581,2,1,2024-11-27 16:00:00,1.0,0
9700,582,3,1,2025-09-01 13:00:00,1.0,0
10110,583,3,1,2025-10-03 13:00:00,1.0,0
6731,584,2,1,2024-11-30 13:00:00,1.5,0
9800,585,2,3,2025-09-09 16:00:00,1.0,0
9896,586,2,1,2025-09-17 17:00:00,1.0,0
6796,587,3,1,2024-12-05 13:00:00,1.0,0
10330,588,1,2,2025-10-16 17:00:00,1.0,0
9934,589,0,5,2025-09-20 18:00:00,1.0,0
9958,590,1,1,2025-09-22 15:00:00,1.0,0
11103,591,5,1,2025-11-25 13:00:00,1.0,0
9959,592,2,2,2025-09-22 16:00:00,1.0,0
6839,593,0,2,2024-12-08 15:00:00,2.0,0
6853,594,3,2,2024-12-09 16:00:00,1.0,0
6868,595,2,1,2024-12-10 15:00:00,1.0,0
10111,596,3,1,2025-10-03 13:00:00,1.0,0
9884,597,2,5,2025-09-16 14:00:00,1.0,0
6899,598,0,1,2024-12-12 13:00:00,1.5,0
10049,599,1,1,2025-09-29 16:00:00,1.0,0
6938,600,2,1,2024-12-15 14:00:00,1.0,0
6952,601,2,1,2024-12-16 14:00:00,1.0,0
7026,602,1,3,2024-12-21 15:00:00,1.0,0
10811,603,0,5,2025-11-11 15:00:00,1.5,0
10067,604,1,3,2025-09-30 13:00:00,1.0,0
7037,605,1,2,2024-12-22 18:00:00,1.0,0
10112,606,3,2,2025-10-03 18:00:00,1.0,0
10210,607,0,1,2025-10-09 14:00:00,1.0,0
11081,608,3,4,2025-11-24 13:00:00,1.0,0
7088,609,3,6,2024-12-25 15:00:00,1.0,0
9751,610,1,2,2025-09-05 18:00:00,1.0,0
10862,611,4,1,2025-11-13 18:00:00,1.0,0
7187,612,1,5,2025-01-01 18:00:00,1.0,0
7188,613,2,1,2025-01-01 15:00:00,1.0,0
10422,614,4,1,2025-10-21 15:00:00,1.0,0
7201,615,0,1,2025-01-02 18:00:00,2.0,0
11206,616,1,2,2025-11-30 13:00:00,1.0,0
7242,617,0,1,2025-01-05 18:00:00,1.0,0
7324,618,0,1,2025-01-10 13:00:00,1.0,0
7325,619,3,1,2025-01-10 15:00:00,1.0,0
10490,620,0,2,2025-10-25 13:00:00,1.0,0
10227,621,3,1,2025-10-10 14:00:00,1.0,0
9730,622,3,2,2025-09-03 15:00:00,1.0,0
7348,623,0,4,2025-01-12 16:00:00,1.0,0
7374,624,0,3,2025-01-14 18:00:00,1.0,0
7447,625,3,1,2025-01-19 17:00:00,2.0,0
10247,626,3,1,2025-10-11 17:00:00,2.0,0
7489,627,3,1,2025-01-22 14:00:00,1.0,0
10248,628,0,2,2025-10-11 17:00:00,1.0,0
7607,629,0,1,2025-01-31 14:00:00,1.0,0
10294,630,3,3,2025-10-14 18:00:00,1.0,0
10295,631,0,2,2025-10-14 13:00:00,1.0,0
10754,632,2,1,2025-11-08 13:00:00,1.0,0
7653,633,1,1,2025-02-04 18:00:00,1.0,0
7680,634,2,6,2025-02-06 16:00:00,1.0,0
10983,635,1,2,2025-11-19 16:00:00,1.0,0
7698,636,1,1,2025-02-07 15:00:00,1.0,0
9865,637,0,6,2025-09-15 16:00:00,1.0,0
7710,638,0,2,2025-02-08 16:00:00,1.0,0
10492,639,2,3,2025-10-25 13:00:00,1.0,0
7724,640,0,2,2025-02-09 13:00:00,2.0,0
7725,641,1,1,2025-02-09 15:00:00,1.0,0
9720,642,1,1,2025-09-02 18:00:00,1.0,0
7762,643,3,5,2025-02-12 17:00:00,1.0,0
10506,644,0,2,2025-10-26 18:00:00,1.0,0
10211,645,2,2,2025-10-09 18:00:00,1.0,0
10493,646,3,1,2025-10-25 14:00:00,1.0,0
11048,647,2,2,2025-11-22 14:00:00,1.0,0
7852,648,2,1,2025-02-19 14:00:00,2.0,0
7865,649,3,1,2025-02-20 16:00:00,2.0,0
9808,650,1,2,2025-09-10 14:00:00,1.0,0
10277,651,4,3,2025-10-13 16:00:00,1.0,0
10905,652,1,2,2025-11-15 17:00:00,1.0,0
10004,653,3,2,2025-09-25 15:00:00,1.0,0
9721,654,3,1,2025-09-02 17:00:00,1.0,0
10523,655,2,1,2025-10-27 15:00:00,1.0,0
9784,656,1,1,2025-09-08 13:00:00,1.0,0
10790,657,4,2,2025-11-10 16:00:00,1.0,0
10732,658,4,1,2025-11-07 13:00:00,1.0,0
7989,659,1,2,2025-03-01 17:00:00,1.0,0
8003,660,1,1,2025-03-02 14:00:00,1.0,0
8004,661,1,2,2025-03-02 16:00:00,1.0,0
8015,662,1,1,2025-03-03 17:00:00,1.0,0
8016,663,0,2,2025-03-03 16:00:00,1.0,0
9887,664,2,2,2025-09-16 16:00:00,1.0,0
8046,665,2,3,2025-03-05 17:00:00,1.0,0
8047,666,0,3,2025-03-05 16:00:00,1.0,0
8061,667,2,5,2025-03-06 13:00:00,1.0,0
10733,668,1,1,2025-11-07 18:00:00,1.0,0
8072,669,0,2,2025-03-07 16:00:00,1.0,0
11124,670,5,2,2025-11-26 14:00:00,1.0,0
8129,671,2,2,2025-03-11 16:00:00,1.0,0
8170,672,0,2,2025-03-14 14:00:00,1.0,0
9809,673,0,5,2025-09-10 14:00:00,1.0,0
10815,674,1,2,2025-11-11 17:00:00,1.0,0
8242,675,1,1,2025-03-19 17:00:00,1.0,0
9722,676,0,1,2025-09-02 17:00:00,1.0,0
8306,677,3,2,2025-03-24 13:00:00,1.0,0
9731,678,3,2,2025-09-03 14:00:00,1.0,0
11084,679,2,2,2025-11-24 18:00:00,1.0,0
8352,680,0,1,2025-03-28 14:00:00,1.0,0
10426,681,4,2,2025-10-21 17:00:00,1.0,0
10080,682,3,1,2025-10-01 18:00:00,1.0,0
8420,683,1,1,2025-04-02 16:00:00,1.0,0
11191,684,2,2,2025-11-29 15:00:00,1.0,0
8538,685,2,1,2025-04-12 18:00:00,1.0,0
8563,686,2,1,2025-04-14 15:00:00,1.0,0
10192,687,1,1,2025-10-08 14:00:00,1.0,0
8596,688,3,1,2025-04-17 18:00:00,1.0,0
8620,689,0,1,2025-04-19 18:00:00,1.0,0
10619,690,0,2,2025-11-01 16:00:00,1.0,0
8667,691,2,2,2025-04-23 16:00:00,1.0,0
8678,692,1,1,2025-04-24 16:00:00,1.0,0
10348,693,3,2,2025-10-17 18:00:00,1.0,0
8718,694,0,4,2025-04-27 15:00:00,1.0,0
8719,695,0,1,2025-04-27 14:00:00,1.0,0
8729,696,3,1,2025-04-28 16:00:00,1.0,0
8730,697,2,6,2025-04-28 17:00:00,1.0,0
8753,698,0,1,2025-04-30 15:00:00,1.0,0
8754,699,3,1,2025-04-30 18:00:00,1.0,0
8766,700,1,2,2025-05-01 18:00:00,2.0,0
9889,701,0,3,2025-09-16 18:00:00,1.0,0
9822,702,1,1,2025-09-11 18:00:00,1.0,0
8795,703,3,3,2025-05-03 13:00:00,1.0,0
10864,704,4,2,2025-11-13 13:00:00,1.0,0
8844,705,2,2,2025-05-07 17:00:00,1.0,0
10906,706,5,2,2025-11-15 18:00:00,1.0,0
8899,707,0,1,2025-05-11 15:00:00,1.0,0
9823,708,1,2,2025-09-11 17:00:00,1.0,0
10182,709,3,4,2025-10-07 15:00:00,1.0,0
10548,710,1,1,2025-10-28 16:00:00,1.0,0
8971,711,3,1,2025-05-17 13:00:00,1.5,0
9765,712,3,1,2025-09-06 13:00:00,1.0,0
10379,713,3,5,2025-10-19 15:00:00,1.0,0
10025,714,0,3,2025-09-27 17:00:00,1.0,0
9035,715,1,1,2025-05-23 17:00:00,1.0,0
10734,716,4,3,2025-11-07 15:00:00,1.0,0
9052,717,1,2,2025-05-24 15:00:00,1.0,0
10457,718,0,2,2025-10-23 18:00:00,1.0,0
9064,719,0,1,2025-05-25 16:00:00,1.0,0
9065,720,1,1,2025-05-25 18:00:00,1.0,0
10193,721,2,1,2025-10-08 15:00:00,1.0,0
10142,722,1,1,2025-10-05 13:00:00,1.0,0
10263,723,1,2,2025-10-12 15:00:00,1.0,0
10563,724,4,4,2025-10-29 18:00:00,1.0,0
9112,725,0,2,2025-05-30 15:00:00,1.0,0
10633,726,4,2,2025-11-02 13:00:00,1.0,0
9144,727,3,1,2025-06-02 17:00:00,1.0,0
9160,728,1,1,2025-06-04 16:00:00,1.0,0
9161,729,1,2,2025-06-04 16:00:00,1.0,0
11128,730,3,2,2025-11-26 15:00:00,1.0,0
9179,731,1,1,2025-06-06 14:00:00,1.0,0
9180,732,2,1,2025-06-06 16:00:00,1.0,0
9194,733,0,2,2025-06-07 13:00:00,1.0,0
9205,734,2,2,2025-06-08 13:00:00,1.0,0
9890,735,2,2,2025-09-16 17:00:00,1.0,0
9214,736,3,2,2025-06-09 17:00:00,1.0,0
10312,737,3,2,2025-10-15 16:00:00,1.0,0
9238,738,3,1,2025-06-12 15:00:00,1.0,0
11129,739,5,2,2025-11-26 15:00:00,1.0,0
9898,740,3,2,2025-09-17 13:00:00,1.0,0
9868,741,2,1,2025-09-15 18:00:00,1.0,0
9277,742,3,2,2025-06-16 18:00:00,1.0,0
9290,743,1,4,2025-06-18 14:00:00,1.0,0
9297,744,2,1,2025-06-19 17:00:00,1.0,0
9990,745,3,2,2025-09-24 15:00:00,1.0,0
9899,746,1,2,2025-09-17 17:00:00,1.0,0
9330,747,2,4,2025-06-23 13:00:00,1.0,0
9347,748,3,2,2025-06-27 18:00:00,1.0,0
9348,749,0,1,2025-06-27 18:00:00,1.0,0
11193,750,1,5,2025-11-29 16:00:00,1.0,0
9358,751,1,1,2025-06-28 15:00:00,1.0,0
10595,752,2,6,2025-10-31 17:00:00,1.0,0
9373,753,3,2,2025-06-30 14:00:00,1.0,0
11086,754,5,5,2025-11-24 17:00:00,1.5,0
9402,755,1,1,2025-07-07 17:00:00,2.0,0
9403,756,3,1,2025-07-07 16:00:00,1.0,0
10719,757,0,2,2025-11-06 14:00:00,1.0,0
9982,758,1,2,2025-09-23 17:00:00,1.0,0
9418,759,2,1,2025-07-11 18:00:00,1.5,0
9708,760,2,2,2025-09-01 16:00:00,1.0,0
9433,761,1,1,2025-07-14 13:00:00,1.0,0
9438,762,1,1,2025-07-16 14:00:00,1.0,0
9439,763,1,1,2025-07-16 13:00:00,1.0,0
9746,764,3,3,2025-09-04 16:00:00,1.0,0
9450,765,3,1,2025-07-18 16:00:00,1.0,0
10315,766,4,2,2025-10-15 14:00:00,1.0,0
10923,767,4,6,2025-11-16 14:00:00,1.0,0
9993,768,3,1,2025-09-24 18:00:00,1.0,0
9478,769,0,1,2025-07-24 13:00:00,1.0,0
9493,770,2,2,2025-07-27 15:00:00,1.0,0
9494,771,3,1,2025-07-27 17:00:00,1.0,0
9501,772,2,1,2025-07-28 14:00:00,1.0,0
9502,773,0,1,2025-07-28 16:00:00,1.0,0
10183,774,3,1,2025-10-07 16:00:00,1.0,0
9509,775,2,2,2025-07-30 13:00:00,1.0,0
9521,776,0,2,2025-08-01 13:00:00,1.0,0
10721,777,4,5,2025-11-06 17:00:00,1.0,0
9540,778,0,4,2025-08-04 14:00:00,1.0,0
9541,779,2,1,2025-08-04 14:00:00,1.0,0
9547,780,2,1,2025-08-06 13:00:00,1.0,0
9548,781,2,3,2025-08-06 16:00:00,1.0,0
9568,782,2,1,2025-08-10 17:00:00,1.5,0
9578,783,3,1,2025-08-11 16:00:00,1.0,0
10352,784,2,2,2025-10-17 16:00:00,1.0,0
9950,785,0,2,2025-09-21 13:00:00,1.0,0
9591,786,1,2,2025-08-14 13:00:00,1.0,0
9597,787,0,1,2025-08-15 17:00:00,1.0,0
10300,788,2,2,2025-10-14 13:00:00,1.0,0
10171,789,3,1,2025-10-06 18:00:00,1.0,0
10722,790,4,1,2025-11-06 14:00:00,1.0,0
9903,791,1,4,2025-09-17 13:00:00,1.0,0
11170,792,4,3,2025-11-28 16:00:00,1.0,0
9628,793,0,1,2025-08-20 13:00:00,1.0,0
9634,794,0,1,2025-08-21 14:00:00,1.0,0
9635,795,3,2,2025-08-21 15:00:00,1.0,0
11171,796,3,2,2025-11-28 13:00:00,1.0,0
9643,797,1,1,2025-08-22 17:00:00,1.0,0
11154,798,4,2,2025-11-27 17:00:00,1.0,0
10967,799,3,2,2025-11-18 14:00:00,1.0,0
9664,800,3,1,2025-08-25 16:00:00,1.0,0
10739,801,2,1,2025-11-07 13:00:00,1.0,0
11155,802,4,2,2025-11-27 17:00:00,1.0,0
9938,803,0,2,2025-09-20 14:00:00,1.0,0
9674,804,3,1,2025-08-27 13:00:00,1.5,0
11065,805,5,2,2025-11-23 13:00:00,1.0,0
9696,806,2,1,2025-08-31 13:00:00,1.0,0
10301,807,3,5,2025-10-14 13:00:00,1.0,0
9716,808,1,2,2025-09-01 15:00:00,1.0,0
10511,809,3,2,2025-10-26 13:00:00,1.0,0
9724,810,1,2,2025-09-02 13:00:00,1.0,0
10408,811,0,1,2025-10-20 17:00:00,1.0,0
10409,812,0,1,2025-10-20 18:00:00,1.0,0
9906,813,1,2,2025-09-17 17:00:00,1.0,0
9760,814,2,2,2025-09-05 15:00:00,1.5,0
9777,815,0,4,2025-09-07 15:00:00,1.5,0
9778,816,1,2,2025-09-07 18:00:00,1.0,0
9794,817,2,1,2025-09-08 14:00:00,1.0,0
11156,818,4,1,2025-11-27 13:00:00,1.0,0
10428,819,3,2,2025-10-21 14:00:00,1.0,0
10461,820,2,2,2025-10-23 18:00:00,1.0,0
9828,821,1,1,2025-09-11 18:00:00,1.0,0
9840,822,2,2,2025-09-12 16:00:00,1.0,0
9841,823,1,1,2025-09-12 14:00:00,1.0,0
9848,824,3,1,2025-09-13 14:00:00,1.0,0
10411,825,3,2,2025-10-20 14:00:00,1.0,0
9860,826,2,1,2025-09-14 15:00:00,1.0,0
9861,827,2,3,2025-09-14 18:00:00,2.0,0
10071,828,1,5,2025-09-30 17:00:00,1.0,0
10773,829,4,1,2025-11-09 16:00:00,1.0,0
10385,830,1,4,2025-10-19 18:00:00,1.0,0
9907,831,1,1,2025-09-17 18:00:00,1.0,0
10038,832,3,2,2025-09-28 18:00:00,1.0,0
10252,833,1,2,2025-10-11 16:00:00,1.0,0
9940,834,2,1,2025-09-20 15:00:00,1.0,0
9953,835,2,2,2025-09-21 15:00:00,1.5,0
9972,836,0,4,2025-09-22 14:00:00,1.0,0
9973,837,3,4,2025-09-22 18:00:00,1.0,0
9983,838,1,2,2025-09-23 15:00:00,1.0,0
9998,839,0,1,2025-09-24 16:00:00,1.0,0
10105,840,1,2,2025-10-02 16:00:00,1.0,0
10020,841,3,2,2025-09-26 15:00:00,1.0,0
10356,842,0,2,2025-10-17 17:00:00,1.0,0
10843,843,0,2,2025-11-12 18:00:00,1.0,0
10412,844,1,2,2025-10-20 14:00:00,1.0,0
10072,845,2,2,2025-09-30 16:00:00,1.0,0
10073,846,1,2,2025-09-30 18:00:00,1.0,0
10092,847,1,1,2025-10-01 17:00:00,1.0,0
10106,848,3,3,2025-10-02 15:00:00,1.0,0
10107,849,0,2,2025-10-02 17:00:00,1.0,0
10121,850,2,1,2025-10-03 16:00:00,1.0,0
10122,851,0,1,2025-10-03 17:00:00,1.0,0
10136,852,0,2,2025-10-04 18:00:00,1.0,0
10481,853,1,4,2025-10-24 16:00:00,1.0,0
10205,854,2,4,2025-10-08 17:00:00,1.0,0
10218,855,0,1,2025-10-09 14:00:00,1.0,0
10239,856,1,1,2025-10-10 14:00:00,1.0,0
10240,857,1,2,2025-10-10 18:00:00,1.0,0
10803,858,0,2,2025-11-10 15:00:00,1.0,0
10255,859,1,3,2025-10-11 18:00:00,1.0,0
10968,860,4,2,2025-11-18 16:00:00,1.0,0
10323,861,4,1,2025-10-15 17:00:00,1.0,0
10324,862,1,1,2025-10-15 17:00:00,1.0,0
10892,863,4,1,2025-11-14 16:00:00,2.0,0
11138,864,4,2,2025-11-26 17:00:00,1.0,0
10360,865,1,1,2025-10-17 17:00:00,1.0,0
10361,866,2,6,2025-10-17 18:00:00,1.0,0
10374,867,0,2,2025-10-18 15:00:00,2.0,0
10386,868,4,3,2025-10-19 18:00:00,1.0,0
10387,869,1,2,2025-10-19 18:00:00,1.0,0
10910,870,3,1,2025-11-15 15:00:00,1.0,0
10969,871,1,1,2025-11-18 14:00:00,1.0,0
10429,872,3,5,2025-10-21 18:00:00,1.5,0
10464,873,4,4,2025-10-23 17:00:00,1.0,0
10465,874,1,4,2025-10-23 16:00:00,1.0,0
10484,875,2,2,2025-10-24 17:00:00,1.0,0
10498,876,3,2,2025-10-25 14:00:00,1.0,0
10537,877,4,1,2025-10-27 16:00:00,1.0,0
10538,878,0,3,2025-10-27 16:00:00,1.0,0
11180,879,3,1,2025-11-28 16:00:00,1.0,0
10575,880,3,1,2025-10-29 17:00:00,1.0,0
10745,881,0,2,2025-11-07 14:00:00,2.0,0
11096,882,1,2,2025-11-24 13:00:00,1.0,0
10605,883,4,6,2025-10-31 14:00:00,1.0,0
10625,884,4,4,2025-11-01 18:00:00,1.0,0
10911,885,5,2,2025-11-15 16:00:00,2.0,0
10666,886,3,1,2025-11-03 18:00:00,2.0,0
10667,887,0,4,2025-11-03 17:00:00,1.0,0
10680,888,3,2,2025-11-04 15:00:00,1.0,0
10681,889,4,2,2025-11-04 15:00:00,1.0,0
10726,890,0,1,2025-11-06 17:00:00,1.0,0
10746,891,4,2,2025-11-07 16:00:00,2.0,0
10760,892,3,2,2025-11-08 14:00:00,1.0,0
10761,893,2,3,2025-11-08 15:00:00,1.0,0
10819,894,4,2,2025-11-11 14:00:00,1.0,0
10820,895,4,5,2025-11-11 18:00:00,1.0,0
10848,896,4,4,2025-11-12 18:00:00,1.0,0
10849,897,4,4,2025-11-12 16:00:00,1.0,0
11213,898,0,4,2025-11-30 16:00:00,1.0,0
10872,899,4,2,2025-11-13 15:00:00,1.0,0
10894,900,4,4,2025-11-14 18:00:00,1.0,0
10895,901,0,2,2025-11-14 17:00:00,1.0,0
10912,902,2,2,2025-11-15 16:00:00,1.0,0
10913,903,5,2,2025-11-15 17:00:00,1.0,0
10929,904,3,3,2025-11-16 16:00:00,1.0,0
10955,905,3,2,2025-11-17 14:00:00,1.0,0
10970,906,4,4,2025-11-18 13:00:00,1.0,0
10971,907,5,2,2025-11-18 14:00:00,1.0,0
10998,908,4,2,2025-11-19 18:00:00,1.0,0
11017,909,3,2,2025-11-20 13:00:00,1.0,0
11053,910,0,2,2025-11-22 18:00:00,1.0,0
11069,911,4,1,2025-11-23 14:00:00,1.0,0
11070,912,0,2,2025-11-23 18:00:00,1.0,0
11098,913,3,1,2025-11-24 17:00:00,1.0,0
11099,914,4,3,2025-11-24 14:00:00,1.0,0
11111,915,0,2,2025-11-25 18:00:00,1.0,0
11112,916,3,4,2025-11-25 15:00:00,1.0,0
11140,917,5,4,2025-11-26 15:00:00,1.0,0
11160,918,4,3,2025-11-27 18:00:00,1.0,0
11181,919,1,2,2025-11-28 15:00:00,1.0,0
11197,920,4,2,2025-11-29 15:00:00,1.0,0
11198,921,0,2,2025-11-29 18:00:00,1.0,0
11215,922,3,1,2025-11-30 18:00:00,2.0,0
11240,923,2,3,2025-12-01 15:00:00,1.0,0
11274,924,4,1,2025-12-03 17:00:00,1.5,0
11291,925,0,1,2025-12-04 17:00:00,1.0,0
11292,926,4,1,2025-12-04 14:00:00,1.0,0
11358,927,1,1,2025-12-08 15:00:00,1.0,0
11411,928,2,2,2025-12-11 18:00:00,2.0,0
11412,929,1,2,2025-12-11 13:00:00,1.0,0
11430,930,5,5,2025-12-12 16:00:00,1.0,0
11431,931,4,2,2025-12-12 14:00:00,1.0,0
11457,932,2,1,2025-12-14 18:00:00,1.5,0
11458,933,1,2,2025-12-14 14:00:00,1.0,0
11515,934,3,2,2025-12-17 16:00:00,1.0,0
11516,935,4,2,2025-12-17 17:00:00,1.0,0
11552,936,4,1,2025-12-19 18:00:00,1.0,0
11566,937,4,3,2025-12-20 16:00:00,1.0,0
11567,938,3,1,2025-12-20 13:00:00,1.0,0
