student_id,first_name,last_name,sex,date_of_birth,grade,status,contract_rate,created,updated
0,Penelope,Ramirez,F,2009-02-20,11,Inactive,80,2021-08-24 12:00:00,2025-10-03 12:00:00
1,Aubrey,Clark,F,2005-05-23,12,Inactive,80,2021-08-24 12:00:00,2023-01-19 12:00:00
2,Sebastian,Thompson,M,2006-11-01,10,Inactive,80,2021-08-24 12:00:00,2022-01-13 12:00:00
3,Lucy,King,F,2005-09-24,11,Inactive,80,2021-08-24 12:00:00,2021-12-25 12:00:00
4,Savannah,Baker,F,2005-05-24,12,Inactive,80,2021-08-24 12:00:00,2021-10-04 12:00:00
5,Skylar,Green,F,2006-12-09,11,Inactive,80,2021-08-24 12:00:00,2022-02-09 12:00:00
6,Anthony,Ramirez,M,2006-07-27,9,Inactive,80,2021-08-24 12:00:00,2022-01-07 12:00:00
7,Olivia,King,F,2005-12-09,10,Inactive,80,2021-08-24 12:00:00,2022-01-04 12:00:00
8,Claire,Williams,F,2004-10-28,12,Inactive,80,2021-08-24 12:00:00,2022-09-24 12:00:00
9,Owen,Rodriguez,M,2004-11-25,11,Inactive,80,2021-08-24 12:00:00,2022-02-04 12:00:00
10,Daniel,Flores,M,2006-08-04,12,Inactive,80,2021-08-24 12:00:00,2025-09-24 12:00:00
11,Noah,Wilson,M,2004-05-28,12,Inactive,80,2021-08-24 12:00:00,2021-09-16 12:00:00
12,Nova,Lopez,F,2005-08-10,12,Inactive,80,2021-08-24 12:00:00,2024-09-17 12:00:00
13,Nora,Martin,F,2004-11-06,12,Inactive,80,2021-08-24 12:00:00,2021-09-17 12:00:00
14,Julian,White,M,2005-12-10,12,Inactive,80,2021-08-24 12:00:00,2023-09-13 12:00:00
15,Daniel,Mitchell,M,2005-11-09,12,Inactive,80,2021-08-24 12:00:00,2023-09-15 12:00:00
16,Claire,Martinez,F,2005-01-12,12,Inactive,80,2021-08-24 12:00:00,2022-09-19 12:00:00
17,Aiden,Adams,M,2009-07-02,11,Inactive,80,2021-08-24 12:00:00,2025-01-26 12:00:00
18,Dylan,Walker,M,2004-01-09,11,Inactive,80,2021-08-24 12:00:00,2022-01-07 12:00:00
19,Avery,Miller,F,2005-11-03,12,Inactive,80,2021-08-24 12:00:00,2025-01-19 12:00:00
20,Maya,Mitchell,F,2006-01-06,12,Inactive,80,2021-08-24 12:00:00,2022-09-30 12:00:00
21,Zoey,King,F,2004-11-21,12,Inactive,80,2021-08-24 12:00:00,2023-09-15 12:00:00
22,Scarlett,Wilson,F,2006-08-17,9,Inactive,80,2021-08-24 12:00:00,2022-01-07 12:00:00
23,Elias,Nguyen,M,2005-01-29,12,Inactive,80,2021-08-24 12:00:00,2021-09-26 12:00:00
24,Jacob,White,M,2004-12-01,10,Inactive,80,2021-08-24 12:00:00,2022-01-06 12:00:00
25,Avery,Wilson,F,2007-06-06,11,Inactive,80,2021-08-24 12:00:00,2023-01-13 12:00:00
26,Emily,Young,F,2006-12-04,12,Inactive,80,2021-08-24 12:00:00,2022-09-10 12:00:00
27,Leah,White,F,2007-09-18,10,Inactive,80,2021-08-24 12:00:00,2024-02-10 12:00:00
28,Scarlet,Hall,F,2004-06-27,11,Inactive,80,2021-09-02 16:00:00,2022-01-13 12:00:00
29,Sofia,Moore,F,2004-03-14,11,Inactive,80,2021-09-05 13:00:00,2022-01-16 12:00:00
30,Willow,Hall,F,2006-05-04,12,Inactive,80,2021-09-06 13:00:00,2025-11-13 12:00:00
31,Ethan,Walker,M,2004-11-10,11,Inactive,80,2021-09-08 15:00:00,2022-01-19 12:00:00
32,Olivia,Carter,F,2004-05-04,12,Inactive,80,2021-09-09 13:00:00,2023-11-28 12:00:00
33,Thomas,Thompson,M,2006-08-14,12,Active,80,2021-09-10 14:00:00,2025-09-02 12:00:00
34,Hudson,Miller,M,2009-05-02,12,Inactive,80,2021-09-13 14:00:00,2025-09-22 12:00:00
35,Daniel,Jackson,M,2005-01-01,10,Inactive,80,2021-09-17 16:00:00,2022-01-28 12:00:00
36,Sofia,Roberts,F,2008-03-12,11,Inactive,80,2021-09-22 13:00:00,2025-11-23 12:00:00
37,William,Carter,M,2004-04-27,11,Inactive,80,2021-09-26 13:00:00,2022-01-30 12:00:00
38,Olivia,Torres,F,2008-03-08,8,Inactive,80,2021-09-28 18:00:00,2023-03-01 12:00:00
39,Wyatt,Clark,M,2005-07-04,12,Inactive,80,2021-10-05 17:00:00,2023-11-30 12:00:00
40,Lucy,Thompson,F,2004-12-12,12,Inactive,80,2021-10-08 18:00:00,2021-12-07 12:00:00
41,Emma,Thomas,F,2004-01-27,12,Inactive,80,2021-10-11 15:00:00,2025-09-26 12:00:00
42,Emily,Martinez,F,2005-04-17,12,Inactive,80,2021-10-13 13:00:00,2022-10-07 12:00:00
43,Lucas,Roberts,M,2009-07-27,6,Inactive,80,2021-10-14 17:00:00,2022-02-24 12:00:00
44,Hudson,Thomas,M,2009-04-15,7,Inactive,80,2021-10-15 13:00:00,2023-01-13 12:00:00
45,Oliver,Lopez,M,2005-01-27,11,Inactive,80,2021-10-17 17:00:00,2023-01-13 12:00:00
46,Sophia,Wright,F,2009-12-24,9,Inactive,80,2021-10-19 18:00:00,2023-10-24 12:00:00
47,Leo,Martinez,M,2006-10-18,10,Inactive,80,2021-10-21 16:00:00,2023-11-29 12:00:00
48,Willow,Clark,F,2005-02-28,11,Inactive,80,2021-10-22 18:00:00,2022-12-05 12:00:00
49,Emilia,Gonzalez,F,2005-05-23,10,Inactive,80,2021-10-24 18:00:00,2022-03-06 12:00:00
50,Lily,Baker,F,2008-07-14,12,Inactive,80,2021-10-25 17:00:00,2024-11-03 12:00:00
51,Sebastian,Moore,M,2004-06-16,12,Inactive,80,2021-10-27 17:00:00,2022-12-05 12:00:00
52,Maya,Clark,F,2004-08-01,12,Inactive,80,2021-10-31 18:00:00,2022-10-10 12:00:00
53,Olivia,Lopez,F,2006-07-09,12,Inactive,80,2021-11-03 13:00:00,2023-11-22 12:00:00
54,Skylar,Wright,F,2009-04-15,11,Inactive,80,2021-11-04 18:00:00,2024-09-24 12:00:00
55,Ethan,Moore,M,2009-10-10,6,Inactive,80,2021-11-05 18:00:00,2022-03-18 12:00:00
56,Willow,Miller,F,2005-05-09,11,Inactive,80,2021-11-06 15:00:00,2023-01-25 12:00:00
57,Lucy,King,F,2009-05-17,6,Inactive,80,2021-11-08 18:00:00,2021-11-15 12:00:00
58,Mia,Johnson,F,2005-02-28,10,Inactive,80,2021-11-09 15:00:00,2022-03-22 12:00:00
59,Jack,Taylor,M,2005-02-15,12,Inactive,80,2021-11-10 18:00:00,2023-10-13 12:00:00
60,Ava,King,F,2006-08-15,11,Inactive,80,2021-11-11 16:00:00,2025-10-02 12:00:00
61,Logan,Moore,M,2005-08-23,12,Inactive,80,2021-11-15 18:00:00,2023-09-25 12:00:00
62,Brooklyn,Allen,F,2004-04-02,11,Inactive,80,2021-11-18 13:00:00,2022-03-31 12:00:00
63,Sebastian,Roberts,M,2008-01-26,12,Inactive,80,2021-11-19 16:00:00,2025-03-31 12:00:00
64,Hannah,Thomas,F,2008-08-09,7,Inactive,80,2021-11-21 16:00:00,2022-04-03 12:00:00
65,Emilia,Nelson,F,2004-06-15,11,Inactive,80,2021-11-22 13:00:00,2021-12-20 12:00:00
66,Elizabeth,Sanchez,F,2009-06-15,7,Inactive,80,2021-11-25 13:00:00,2023-01-29 12:00:00
67,Emma,Thompson,F,2006-01-17,11,Inactive,80,2021-11-27 16:00:00,2023-02-09 12:00:00
68,Aria,Nelson,F,2009-05-28,11,Active,80,2021-11-28 16:00:00,2025-09-14 12:00:00
69,Sebastian,Ramirez,M,2004-11-12,12,Inactive,80,2021-11-30 17:00:00,2023-10-22 12:00:00
70,James,Brown,M,2006-08-08,9,Inactive,80,2021-12-02 14:00:00,2022-04-14 12:00:00
71,Grayson,Wright,M,2009-06-18,6,Inactive,80,2021-12-14 15:00:00,2022-04-26 12:00:00
72,Lucas,Davis,M,2004-07-07,12,Inactive,80,2021-12-15 15:00:00,2023-11-07 12:00:00
73,Hudson,Lewis,M,2008-07-25,11,Inactive,80,2021-12-20 14:00:00,2024-03-12 12:00:00
74,Zoey,Brown,F,2006-09-19,12,Inactive,80,2021-12-22 18:00:00,2023-09-20 12:00:00
75,Isabella,Perez,F,2006-09-16,11,Inactive,80,2021-12-28 18:00:00,2024-02-19 12:00:00
76,William,Green,M,2005-03-25,12,Inactive,80,2021-12-30 13:00:00,2023-11-29 12:00:00
77,Ava,Lopez,F,2010-09-11,10,Inactive,80,2022-01-03 14:00:00,2025-09-14 12:00:00
78,Jackson,Anderson,M,2005-01-04,12,Inactive,80,2022-01-05 17:00:00,2022-12-05 12:00:00
79,Lucy,King,F,2007-07-28,12,Inactive,80,2022-01-06 18:00:00,2025-01-21 12:00:00
80,Skylar,Brown,F,2007-02-21,12,Inactive,80,2022-01-09 16:00:00,2025-10-12 12:00:00
81,Penelope,Lee,F,2005-09-28,12,Inactive,80,2022-01-16 13:00:00,2022-09-16 12:00:00
82,Elijah,Brown,M,2007-02-25,11,Inactive,80,2022-01-17 15:00:00,2025-01-19 12:00:00
83,Ellie,Johnson,F,2009-12-14,7,Inactive,80,2022-01-31 16:00:00,2022-06-13 12:00:00
84,Claire,Sanchez,F,2006-01-03,12,Inactive,80,2022-02-01 18:00:00,2022-09-28 12:00:00
85,Elijah,Martin,M,2005-09-21,12,Inactive,80,2022-02-03 13:00:00,2022-11-23 12:00:00
86,Leo,Johnson,M,2005-12-21,11,Inactive,80,2022-02-04 17:00:00,2022-06-17 12:00:00
87,John,Wilson,M,2005-10-07,11,Inactive,80,2022-02-10 13:00:00,2022-06-23 12:00:00
88,John,Miller,M,2005-10-24,12,Inactive,80,2022-02-14 14:00:00,2023-02-26 12:00:00
89,Sebastian,Robinson,M,2007-08-25,11,Inactive,80,2022-02-15 17:00:00,2023-01-24 12:00:00
90,Zoey,Taylor,F,2006-05-23,11,Inactive,80,2022-02-18 18:00:00,2023-03-31 12:00:00
91,James,Nelson,M,2007-01-04,9,Inactive,80,2022-02-21 18:00:00,2022-07-04 12:00:00
92,Scarlett,Brown,F,2005-10-15,12,Inactive,80,2022-02-23 14:00:00,2022-10-23 12:00:00
93,Maya,Hill,F,2007-02-23,10,Inactive,80,2022-02-27 13:00:00,2024-01-19 12:00:00
94,Paisley,Adams,F,2005-08-28,11,Inactive,80,2022-03-02 14:00:00,2022-07-13 12:00:00
95,Evelyn,Lewis,F,2007-07-11,9,Inactive,80,2022-03-07 14:00:00,2022-07-18 12:00:00
96,Emma,Martinez,F,2009-11-12,9,Inactive,80,2022-03-08 16:00:00,2023-12-03 12:00:00
97,Josiah,Flores,M,2006-10-04,12,Inactive,80,2022-03-09 13:00:00,2023-10-09 12:00:00
98,Aurora,Garcia,F,2005-08-25,12,Inactive,80,2022-03-21 17:00:00,2023-04-03 12:00:00
99,Henry,Wright,M,2005-01-22,11,Inactive,80,2022-03-26 16:00:00,2022-08-06 12:00:00
100,Chloe,Smith,F,2009-03-02,9,Inactive,80,2022-03-27 15:00:00,2024-03-29 12:00:00
101,Claire,Baker,F,2009-04-26,12,Active,80,2022-03-28 15:00:00,2025-09-11 12:00:00
102,Emily,Rivera,F,2005-04-04,12,Inactive,80,2022-04-24 18:00:00,2022-11-08 12:00:00
103,Lincoln,Roberts,M,2009-02-12,11,Inactive,80,2022-04-26 17:00:00,2024-11-23 12:00:00
104,Jayden,Gonzalez,M,2006-03-13,12,Inactive,80,2022-05-02 17:00:00,2022-10-28 12:00:00
105,Isabella,Martin,F,2010-01-07,6,Inactive,80,2022-05-04 15:00:00,2022-07-27 12:00:00
106,Chloe,Davis,F,2006-10-12,12,Inactive,80,2022-05-05 16:00:00,2022-09-27 12:00:00
107,Victoria,Carter,F,2006-12-24,10,Inactive,80,2022-05-10 18:00:00,2022-09-20 12:00:00
108,Josiah,Davis,M,2010-04-28,9,Inactive,80,2022-05-18 13:00:00,2024-02-24 12:00:00
109,Kennedy,King,F,2006-01-27,12,Inactive,80,2022-05-19 14:00:00,2023-09-28 12:00:00
110,Mateo,Clark,M,2005-04-13,12,Inactive,80,2022-05-25 18:00:00,2022-09-21 12:00:00
111,Aria,Sanchez,F,2005-01-05,12,Inactive,80,2022-05-28 17:00:00,2022-11-01 12:00:00
112,Abigail,Wilson,F,2007-08-11,9,Inactive,80,2022-05-29 15:00:00,2022-10-09 12:00:00
113,Lily,Garcia,F,2006-10-13,12,Inactive,80,2022-06-02 14:00:00,2023-11-12 12:00:00
114,Nova,Hernandez,F,2006-06-23,12,Inactive,80,2022-06-05 16:00:00,2024-12-02 12:00:00
115,Sofia,Miller,F,2005-04-12,11,Inactive,80,2022-06-13 17:00:00,2022-10-24 12:00:00
116,Levi,Hill,M,2007-08-23,12,Inactive,80,2022-06-18 15:00:00,2024-10-29 12:00:00
117,Owen,Hall,M,2006-11-25,10,Inactive,80,2022-06-19 15:00:00,2022-10-30 12:00:00
118,Wyatt,Lee,M,2005-03-05,11,Inactive,80,2022-06-21 13:00:00,2022-11-01 12:00:00
119,Julian,Davis,M,2005-06-17,11,Inactive,80,2022-06-23 16:00:00,2022-11-03 12:00:00
120,Brooklyn,Hall,F,2007-10-21,10,Inactive,80,2022-06-25 18:00:00,2024-01-17 12:00:00
121,Caroline,Rivera,F,2005-10-09,11,Inactive,80,2022-06-27 16:00:00,2022-11-07 12:00:00
122,Logan,Allen,M,2009-10-21,7,Inactive,80,2022-06-29 14:00:00,2022-11-09 12:00:00
123,Noah,Hall,M,2010-03-26,7,Inactive,80,2022-06-30 15:00:00,2022-09-10 12:00:00
124,Jackson,Wright,M,2005-01-19,11,Inactive,80,2022-07-01 13:00:00,2022-11-11 12:00:00
125,Harper,Ramirez,F,2006-08-21,12,Inactive,80,2022-07-03 16:00:00,2025-10-26 12:00:00
126,Aurora,Walker,F,2006-01-11,12,Inactive,80,2022-07-04 13:00:00,2024-10-31 12:00:00
127,Samantha,Baker,F,2007-09-23,12,Inactive,80,2022-07-05 13:00:00,2023-12-03 12:00:00
128,Hannah,Taylor,F,2005-06-28,12,Inactive,80,2022-07-11 17:00:00,2023-02-05 12:00:00
129,Luca,Mitchell,M,2005-04-17,12,Inactive,80,2022-07-13 13:00:00,2022-11-10 12:00:00
130,Logan,Perez,M,2010-05-12,6,Inactive,80,2022-07-14 16:00:00,2022-11-24 12:00:00
131,Grayson,Hernandez,M,2007-05-20,10,Inactive,80,2022-07-18 15:00:00,2023-02-02 12:00:00
132,Caroline,Lee,F,2005-04-15,12,Inactive,80,2022-07-19 13:00:00,2024-02-09 12:00:00
133,Leo,Harris,M,2006-01-14,12,Inactive,80,2022-07-22 15:00:00,2025-10-12 12:00:00
134,Stella,Miller,F,2010-10-23,11,Active,80,2022-07-27 15:00:00,2025-10-28 12:00:00
135,Claire,Flores,F,2007-10-15,11,Inactive,80,2022-07-31 17:00:00,2023-10-27 12:00:00
136,Emma,Thompson,F,2005-01-04,12,Inactive,80,2022-08-04 18:00:00,2022-09-23 12:00:00
137,Abigail,Wright,F,2005-01-23,11,Inactive,80,2022-08-05 14:00:00,2022-08-12 12:00:00
138,David,Scott,M,2006-07-09,12,Inactive,80,2022-08-07 17:00:00,2025-01-13 12:00:00
139,Oliver,Thompson,M,2005-11-28,12,Inactive,80,2022-08-12 16:00:00,2023-09-13 12:00:00
140,Chloe,Wilson,F,2007-07-21,9,Inactive,80,2022-08-16 13:00:00,2022-12-27 12:00:00
141,Kennedy,Flores,F,2010-04-26,6,Inactive,80,2022-08-22 15:00:00,2022-09-19 12:00:00
142,Elias,Wright,M,2005-12-02,12,Inactive,80,2022-08-23 13:00:00,2022-09-23 12:00:00
143,Willow,Young,F,2005-02-19,12,Inactive,80,2022-08-24 16:00:00,2022-09-27 12:00:00
144,Avery,Perez,F,2005-08-06,12,Inactive,80,2022-08-25 16:00:00,2022-10-02 12:00:00
145,Claire,Rodriguez,F,2005-10-23,11,Inactive,80,2022-08-27 17:00:00,2023-01-07 12:00:00
146,Victoria,Jackson,F,2005-01-23,11,Inactive,80,2022-08-30 17:00:00,2023-01-10 12:00:00
147,Willow,Walker,F,2006-02-16,12,Inactive,80,2022-09-01 14:00:00,2024-09-14 12:00:00
148,Abigail,Campbell,F,2009-04-15,7,Inactive,80,2022-09-04 14:00:00,2023-01-15 12:00:00
149,Brooklyn,Perez,F,2009-05-04,8,Inactive,80,2022-09-05 17:00:00,2025-04-05 12:00:00
150,Willow,Garcia,F,2007-01-20,10,Inactive,80,2022-09-06 17:00:00,2023-12-02 12:00:00
151,Oliver,Campbell,M,2005-10-10,12,Inactive,80,2022-09-09 14:00:00,2022-11-08 12:00:00
152,Scarlet,Adams,F,2005-04-09,12,Inactive,80,2022-09-11 15:00:00,2023-09-11 12:00:00
153,Violet,Lewis,F,2007-10-02,12,Inactive,80,2022-09-13 13:00:00,2023-11-27 12:00:00
154,Matthew,Wright,M,2005-11-28,11,Inactive,80,2022-09-15 14:00:00,2023-01-26 12:00:00
155,Emily,Allen,F,2006-03-27,12,Inactive,80,2022-09-16 14:00:00,2024-10-16 12:00:00
156,Joseph,Perez,M,2007-01-18,12,Inactive,80,2022-09-18 13:00:00,2024-12-05 12:00:00
157,Nova,Adams,F,2005-01-22,12,Inactive,80,2022-09-19 18:00:00,2022-10-30 12:00:00
158,Avery,Sanchez,F,2005-04-20,11,Inactive,80,2022-09-23 18:00:00,2023-02-03 12:00:00
159,Lily,Scott,F,2007-04-19,9,Inactive,80,2022-09-24 13:00:00,2023-02-04 12:00:00
160,Jayden,Clark,M,2007-02-25,9,Inactive,80,2022-09-25 13:00:00,2023-02-05 12:00:00
161,Victoria,Ramirez,F,2006-12-01,12,Inactive,80,2022-09-27 18:00:00,2024-11-29 12:00:00
162,Bella,Nguyen,F,2007-07-10,10,Inactive,80,2022-09-28 18:00:00,2025-09-18 12:00:00
163,Michael,Williams,M,2006-11-23,10,Inactive,80,2022-09-29 17:00:00,2023-02-09 12:00:00
164,Elizabeth,Nelson,F,2006-04-13,10,Inactive,80,2022-09-30 13:00:00,2023-02-10 12:00:00
165,Oliver,Clark,M,2005-03-17,12,Inactive,80,2022-10-02 18:00:00,2022-11-15 12:00:00
166,Scarlet,Lee,F,2009-02-28,9,Inactive,80,2022-10-06 16:00:00,2024-02-13 12:00:00
167,William,Jones,M,2007-03-13,9,Inactive,80,2022-10-08 17:00:00,2023-02-18 12:00:00
168,Emilia,Rodriguez,F,2007-08-08,12,Inactive,80,2022-10-09 13:00:00,2024-03-03 12:00:00
169,Evelyn,Torres,F,2006-03-28,12,Inactive,80,2022-10-11 17:00:00,2024-12-07 12:00:00
170,Elijah,Hall,M,2006-10-06,11,Inactive,80,2022-10-12 17:00:00,2023-03-09 12:00:00
171,Jacob,Mitchell,M,2010-09-03,9,Active,80,2022-10-13 14:00:00,2025-09-07 12:00:00
172,Levi,Brown,M,2006-03-27,12,Inactive,80,2022-10-14 13:00:00,2024-09-12 12:00:00
173,Hannah,Garcia,F,2010-03-13,6,Inactive,80,2022-10-15 13:00:00,2023-02-25 12:00:00
174,Samantha,Taylor,F,2007-07-08,12,Inactive,80,2022-10-16 18:00:00,2023-11-23 12:00:00
175,Ava,Ramirez,F,2005-09-22,12,Inactive,80,2022-10-18 15:00:00,2023-09-19 12:00:00
176,Carter,Thomas,M,2006-03-14,11,Inactive,80,2022-10-19 14:00:00,2025-03-01 12:00:00
177,Evelyn,Harris,F,2006-02-02,12,Inactive,80,2022-10-21 18:00:00,2024-10-21 12:00:00
178,Aiden,Carter,M,2005-12-25,12,Inactive,80,2022-10-22 15:00:00,2023-10-14 12:00:00
179,Avery,Wilson,F,2007-12-04,11,Inactive,80,2022-10-23 17:00:00,2024-03-01 12:00:00
180,Kennedy,Young,F,2009-04-04,7,Inactive,80,2022-10-24 13:00:00,2023-03-06 12:00:00
181,John,Wilson,M,2006-07-28,11,Inactive,80,2022-10-27 15:00:00,2024-03-07 12:00:00
182,Ellie,Lopez,F,2005-02-21,12,Inactive,80,2022-10-28 16:00:00,2024-01-14 12:00:00
183,Emma,Moore,F,2010-06-23,10,Inactive,80,2022-10-31 16:00:00,2025-03-27 12:00:00
184,Luke,Johnson,M,2007-03-25,11,Inactive,80,2022-11-02 16:00:00,2025-09-17 12:00:00
185,Leah,Gonzalez,F,2007-07-03,12,Inactive,80,2022-11-03 15:00:00,2025-09-20 12:00:00
186,Samuel,Martinez,M,2010-02-19,6,Inactive,80,2022-11-05 16:00:00,2023-03-18 12:00:00
187,Emilia,Taylor,F,2006-10-01,10,Inactive,80,2022-11-07 18:00:00,2023-03-20 12:00:00
188,Paisley,Clark,F,2007-08-06,11,Inactive,80,2022-11-08 17:00:00,2025-10-17 12:00:00
189,Logan,Lee,M,2006-11-22,12,Inactive,80,2022-11-09 18:00:00,2024-12-01 12:00:00
190,Abigail,Wright,F,2006-01-26,10,Inactive,80,2022-11-11 18:00:00,2023-02-24 12:00:00
191,Alexander,Taylor,M,2005-03-03,12,Inactive,80,2022-11-12 14:00:00,2024-10-24 12:00:00
192,Nora,Green,F,2006-04-08,12,Inactive,80,2022-11-15 13:00:00,2023-11-04 12:00:00
193,Amelia,Hernandez,F,2006-06-02,12,Inactive,80,2022-11-16 14:00:00,2024-04-04 12:00:00
194,Violet,Walker,F,2005-07-16,12,Inactive,80,2022-11-21 18:00:00,2023-09-18 12:00:00
195,Samuel,King,M,2006-09-26,10,Inactive,80,2022-11-23 13:00:00,2023-04-05 12:00:00
196,Scarlett,Garcia,F,2006-10-11,10,Inactive,80,2022-11-24 16:00:00,2023-04-06 12:00:00
197,Lucy,Rodriguez,F,2007-11-14,10,Inactive,80,2022-11-25 17:00:00,2024-02-14 12:00:00
198,William,Martin,M,2009-05-01,10,Active,80,2022-11-26 17:00:00,2025-09-09 12:00:00
199,Isabella,Martin,F,2006-11-25,12,Inactive,80,2022-11-27 15:00:00,2025-03-23 12:00:00
200,Grace,Torres,F,2007-10-08,11,Inactive,80,2022-11-28 14:00:00,2024-12-05 12:00:00
201,Hannah,Mitchell,F,2010-06-05,6,Inactive,80,2022-11-29 16:00:00,2023-04-11 12:00:00
202,Nora,Ramirez,F,2005-08-26,12,Inactive,80,2022-11-30 16:00:00,2024-03-19 12:00:00
203,Nora,Lee,F,2010-08-16,8,Inactive,80,2022-12-02 17:00:00,2025-09-21 12:00:00
204,Bella,Adams,F,2009-09-28,8,Inactive,80,2022-12-04 16:00:00,2024-01-13 12:00:00
205,Owen,Wright,M,2007-11-07,10,Inactive,80,2022-12-06 17:00:00,2024-09-26 12:00:00
206,Ethan,Robinson,M,2006-03-03,11,Inactive,80,2022-12-07 13:00:00,2024-03-26 12:00:00
207,Maverick,Thompson,M,2009-05-27,7,Inactive,80,2022-12-09 15:00:00,2023-04-21 12:00:00
208,Abigail,Flores,F,2005-09-11,11,Inactive,80,2022-12-11 15:00:00,2023-04-23 12:00:00
209,Kennedy,Anderson,F,2006-01-01,12,Inactive,80,2022-12-12 15:00:00,2024-11-30 12:00:00
210,Jackson,Sanchez,M,2009-08-19,8,Inactive,80,2022-12-16 16:00:00,2024-10-10 12:00:00
211,Avery,Hill,F,2009-02-10,8,Inactive,80,2022-12-17 18:00:00,2024-02-25 12:00:00
212,Elijah,Roberts,M,2005-06-27,11,Inactive,80,2022-12-18 15:00:00,2023-04-30 12:00:00
213,Ava,Davis,F,2007-10-16,9,Inactive,80,2022-12-20 16:00:00,2022-12-27 12:00:00
214,Matthew,Hill,M,2010-12-01,6,Inactive,80,2022-12-21 16:00:00,2023-05-03 12:00:00
215,Anna,Young,F,2007-12-11,9,Inactive,80,2022-12-24 16:00:00,2023-05-06 12:00:00
216,Alexander,Torres,M,2007-10-11,11,Inactive,80,2022-12-30 13:00:00,2025-11-21 12:00:00
217,Ellie,Lopez,F,2011-10-03,8,Inactive,100,2023-01-02 16:00:00,2025-10-10 12:00:00
218,Leo,Perez,M,2007-03-11,10,Inactive,100,2023-01-03 14:00:00,2023-05-16 12:00:00
219,Emilia,Roberts,F,2006-06-04,12,Inactive,100,2023-01-05 17:00:00,2024-10-16 12:00:00
220,Aiden,Taylor,M,2007-03-24,12,Inactive,100,2023-01-09 17:00:00,2024-10-12 12:00:00
221,Leo,Baker,M,2008-12-08,9,Inactive,100,2023-01-10 15:00:00,2023-05-23 12:00:00
222,Evelyn,Smith,F,2006-06-08,11,Inactive,100,2023-01-13 15:00:00,2023-06-09 12:00:00
223,Scarlet,Williams,F,2007-01-18,12,Inactive,100,2023-01-21 14:00:00,2024-11-18 12:00:00
224,Avery,Jones,F,2010-09-21,7,Inactive,100,2023-01-22 13:00:00,2023-06-04 12:00:00
225,Zoey,King,F,2006-03-03,12,Inactive,100,2023-01-26 16:00:00,2024-10-14 12:00:00
226,Mia,Jones,F,2010-05-28,8,Inactive,100,2023-01-31 18:00:00,2024-10-14 12:00:00
227,Hudson,Williams,M,2008-03-06,9,Inactive,100,2023-02-04 13:00:00,2023-06-17 12:00:00
228,Claire,Carter,F,2007-06-07,10,Inactive,100,2023-02-10 16:00:00,2023-06-23 12:00:00
229,John,Hernandez,M,2007-06-14,10,Inactive,100,2023-02-13 14:00:00,2023-06-26 12:00:00
230,Hazel,Nelson,F,2011-10-28,7,Active,100,2023-02-14 18:00:00,2025-09-13 12:00:00
231,Noah,Campbell,M,2007-09-05,10,Inactive,100,2023-02-22 15:00:00,2023-07-05 12:00:00
232,Elijah,Moore,M,2007-08-27,11,Inactive,100,2023-02-23 14:00:00,2024-02-05 12:00:00
233,Ava,Nelson,F,2008-12-16,9,Inactive,100,2023-02-27 14:00:00,2023-07-10 12:00:00
234,Henry,Smith,M,2008-02-21,12,Inactive,100,2023-02-28 13:00:00,2024-10-27 12:00:00
235,Caroline,Young,F,2006-03-11,12,Inactive,100,2023-03-02 16:00:00,2024-11-19 12:00:00
236,Bella,Baker,F,2008-01-21,12,Inactive,100,2023-03-04 15:00:00,2025-09-27 12:00:00
237,Owen,Johnson,M,2008-07-25,10,Inactive,100,2023-03-06 14:00:00,2024-02-24 12:00:00
238,Violet,Perez,F,2006-02-17,12,Inactive,100,2023-03-12 18:00:00,2023-12-04 12:00:00
239,Willow,Lewis,F,2007-02-05,11,Inactive,100,2023-03-15 18:00:00,2024-02-28 12:00:00
240,Emma,Nguyen,F,2006-09-02,11,Inactive,100,2023-03-25 15:00:00,2023-08-05 12:00:00
241,Brooklyn,Garcia,F,2008-02-27,12,Inactive,100,2023-03-26 16:00:00,2025-10-14 12:00:00
242,Grace,Young,F,2007-03-14,12,Inactive,100,2023-03-28 14:00:00,2024-11-23 12:00:00
243,Chloe,Harris,F,2006-05-14,11,Inactive,100,2023-03-30 15:00:00,2023-07-13 12:00:00
244,Stella,Hill,F,2006-04-12,12,Inactive,100,2023-04-01 17:00:00,2024-01-15 12:00:00
245,Sofia,Perez,F,2008-06-18,12,Inactive,100,2023-04-07 14:00:00,2024-10-25 12:00:00
246,Noah,Flores,M,2008-12-06,10,Active,100,2023-04-10 16:00:00,2025-09-06 12:00:00
247,Violet,Sanchez,F,2007-10-14,11,Inactive,100,2023-04-15 16:00:00,2024-01-23 12:00:00
248,Aiden,Lee,M,2006-11-07,12,Inactive,100,2023-04-17 17:00:00,2023-10-17 12:00:00
249,Jack,Jones,M,2007-06-28,12,Inactive,100,2023-04-20 15:00:00,2025-10-11 12:00:00
250,Brooklyn,Hernandez,F,2007-01-10,12,Inactive,100,2023-04-23 15:00:00,2024-11-08 12:00:00
251,Samantha,Lee,F,2011-11-19,7,Active,100,2023-04-27 18:00:00,2025-10-27 12:00:00
252,Nora,Martinez,F,2010-06-01,9,Inactive,100,2023-04-29 18:00:00,2025-11-06 12:00:00
253,Anna,Thompson,F,2008-06-08,9,Inactive,100,2023-05-05 16:00:00,2023-09-15 12:00:00
254,Grayson,Jackson,M,2008-01-01,12,Inactive,100,2023-05-07 16:00:00,2025-11-22 12:00:00
255,Claire,Miller,F,2006-05-20,12,Inactive,100,2023-05-11 16:00:00,2023-10-11 12:00:00
256,Bella,Allen,F,2010-03-19,10,Inactive,100,2023-05-15 16:00:00,2025-10-26 12:00:00
257,Sophia,Sanchez,F,2011-12-06,7,Inactive,100,2023-05-16 13:00:00,2024-03-23 12:00:00
258,Willow,Hill,F,2006-07-03,12,Inactive,100,2023-05-20 17:00:00,2023-10-18 12:00:00
259,Alexander,Lewis,M,2007-07-26,12,Inactive,100,2023-05-21 16:00:00,2025-09-10 12:00:00
260,Nova,Miller,F,2006-06-23,12,Inactive,100,2023-05-27 14:00:00,2023-12-01 12:00:00
261,Logan,Walker,M,2011-01-11,7,Inactive,100,2023-06-07 14:00:00,2024-10-29 12:00:00
262,Ella,Lewis,F,2007-09-05,12,Inactive,100,2023-06-08 16:00:00,2025-11-24 12:00:00
263,Joseph,Roberts,M,2007-01-08,10,Inactive,100,2023-06-10 18:00:00,2023-06-24 12:00:00
264,Isaac,Harris,M,2008-05-25,12,Inactive,100,2023-06-15 17:00:00,2025-02-16 12:00:00
265,Elizabeth,Torres,F,2006-09-01,12,Inactive,100,2023-06-16 18:00:00,2023-10-08 12:00:00
266,Logan,Taylor,M,2008-07-07,11,Inactive,100,2023-06-18 17:00:00,2024-01-27 12:00:00
267,Luca,Ramirez,M,2007-09-03,12,Inactive,100,2023-06-19 17:00:00,2024-09-12 12:00:00
268,Anna,Moore,F,2007-01-23,12,Inactive,100,2023-06-24 16:00:00,2024-12-05 12:00:00
269,Nova,Adams,F,2007-11-23,10,Inactive,100,2023-06-26 16:00:00,2023-11-06 12:00:00
270,William,Garcia,M,2006-02-14,12,Inactive,100,2023-07-01 18:00:00,2024-03-09 12:00:00
271,Elias,Miller,M,2007-12-18,10,Inactive,100,2023-07-04 15:00:00,2023-11-14 12:00:00
272,Charles,Hill,M,2007-04-10,12,Inactive,100,2023-07-08 17:00:00,2025-09-16 12:00:00
273,Thomas,Roberts,M,2006-06-22,11,Inactive,100,2023-07-21 14:00:00,2023-12-01 12:00:00
274,Genesis,Jones,F,2007-09-16,12,Inactive,100,2023-07-22 14:00:00,2024-11-24 12:00:00
275,Leo,Mitchell,M,2011-08-08,8,Inactive,100,2023-07-28 15:00:00,2024-10-22 12:00:00
276,Oliver,Robinson,M,2008-04-06,11,Inactive,100,2023-07-30 15:00:00,2025-02-12 12:00:00
277,Jayden,Mitchell,M,2006-08-24,12,Inactive,100,2023-08-01 16:00:00,2024-03-21 12:00:00
278,Lucas,Lopez,M,2007-05-26,11,Inactive,100,2023-08-05 13:00:00,2024-01-28 12:00:00
279,Josiah,Martinez,M,2007-02-16,10,Inactive,100,2023-08-06 14:00:00,2023-12-17 12:00:00
280,Ezra,Taylor,M,2008-12-28,12,Inactive,100,2023-08-09 16:00:00,2025-01-24 12:00:00
281,Amelia,Jackson,F,2006-04-16,12,Inactive,100,2023-08-22 15:00:00,2024-09-27 12:00:00
282,Emily,Moore,F,2006-08-23,12,Inactive,100,2023-08-25 16:00:00,2023-11-22 12:00:00
283,Willow,Thompson,F,2008-06-19,12,Inactive,100,2023-08-26 18:00:00,2024-10-11 12:00:00
284,Samuel,Martinez,M,2006-10-19,12,Inactive,100,2023-08-29 16:00:00,2023-10-03 12:00:00
285,Sophia,Anderson,F,2006-10-13,11,Inactive,100,2023-09-01 18:00:00,2023-09-08 12:00:00
286,Jacob,King,M,2006-09-19,12,Inactive,100,2023-09-02 13:00:00,2024-09-20 12:00:00
287,Amelia,Young,F,2008-02-02,12,Inactive,100,2023-09-04 14:00:00,2025-10-11 12:00:00
288,Oliver,Williams,M,2010-08-11,11,Inactive,100,2023-09-05 17:00:00,2025-10-12 12:00:00
289,Brooklyn,Jackson,F,2006-03-02,11,Inactive,100,2023-09-06 14:00:00,2024-01-17 12:00:00
290,Maverick,Harris,M,2008-08-15,11,Inactive,100,2023-09-09 15:00:00,2025-03-01 12:00:00
291,Charles,Lopez,M,2010-04-20,12,Inactive,100,2023-09-10 13:00:00,2025-10-07 12:00:00
292,Thomas,Walker,M,2007-05-24,10,Inactive,100,2023-09-11 16:00:00,2024-01-22 12:00:00
293,Claire,Martinez,F,2007-01-07,10,Inactive,100,2023-09-12 14:00:00,2023-09-19 12:00:00
294,Charles,Baker,M,2011-03-11,12,Inactive,100,2023-09-13 13:00:00,2025-11-17 12:00:00
295,Samantha,Perez,F,2008-05-21,11,Inactive,100,2023-09-14 14:00:00,2025-10-04 12:00:00
296,Caroline,Mitchell,F,2006-04-21,11,Inactive,100,2023-09-15 18:00:00,2024-01-26 12:00:00
297,Violet,Young,F,2010-06-20,7,Inactive,100,2023-09-16 16:00:00,2024-01-27 12:00:00
298,Leo,Brown,M,2006-08-02,12,Inactive,100,2023-09-17 18:00:00,2024-03-07 12:00:00
299,Anna,Torres,F,2007-06-02,12,Inactive,100,2023-09-18 13:00:00,2025-12-07 12:00:00
300,Luca,Lopez,M,2010-01-27,7,Inactive,100,2023-09-20 18:00:00,2024-01-31 12:00:00
301,Ellie,Gonzalez,F,2006-01-23,12,Inactive,100,2023-09-21 18:00:00,2024-03-06 12:00:00
302,Dylan,Brown,M,2011-09-22,6,Inactive,100,2023-09-22 14:00:00,2024-02-02 12:00:00
303,Dylan,Lee,M,2008-05-26,11,Inactive,100,2023-09-23 17:00:00,2024-10-23 12:00:00
304,Zoey,Lee,F,2006-11-08,12,Active,100,2023-09-24 16:00:00,2025-09-29 12:00:00
305,Olivia,Walker,F,2007-07-05,12,Inactive,100,2023-09-25 14:00:00,2025-02-03 12:00:00
306,Kennedy,Roberts,F,2011-12-24,6,Inactive,100,2023-09-26 16:00:00,2024-02-06 12:00:00
307,Oliver,Carter,M,2011-11-28,8,Inactive,100,2023-09-30 15:00:00,2025-11-14 12:00:00
308,Noah,Mitchell,M,2006-05-27,11,Inactive,100,2023-10-01 16:00:00,2024-02-11 12:00:00
309,Hudson,Anderson,M,2008-09-04,12,Inactive,100,2023-10-05 16:00:00,2024-10-10 12:00:00
310,Emily,Green,F,2007-12-12,12,Inactive,100,2023-10-06 15:00:00,2025-11-10 12:00:00
311,Scarlet,Hall,F,2008-10-10,10,Inactive,100,2023-10-08 14:00:00,2024-04-04 12:00:00
312,Aurora,Rivera,F,2006-04-14,12,Inactive,100,2023-10-09 18:00:00,2024-11-05 12:00:00
313,Abigail,King,F,2010-06-25,9,Inactive,100,2023-10-10 14:00:00,2025-11-19 12:00:00
314,Ethan,Hernandez,M,2008-09-10,12,Inactive,100,2023-10-11 17:00:00,2024-10-05 12:00:00
315,Mateo,Hall,M,2008-01-24,12,Inactive,100,2023-10-12 15:00:00,2025-10-22 12:00:00
316,Daniel,Johnson,M,2007-04-12,10,Inactive,100,2023-10-13 16:00:00,2023-10-20 12:00:00
317,Jackson,Campbell,M,2010-03-08,7,Inactive,100,2023-10-15 17:00:00,2023-10-22 12:00:00
318,Jack,Rodriguez,M,2007-02-26,11,Inactive,100,2023-10-16 15:00:00,2025-01-15 12:00:00
319,Avery,White,F,2008-10-25,10,Inactive,100,2023-10-17 16:00:00,2024-03-11 12:00:00
320,Genesis,Robinson,F,2008-04-07,10,Active,100,2023-10-19 15:00:00,2025-09-05 12:00:00
321,Levi,Rivera,M,2008-10-25,10,Inactive,100,2023-10-21 17:00:00,2024-11-07 12:00:00
322,Penelope,Lewis,F,2006-05-04,12,Inactive,100,2023-10-22 18:00:00,2023-11-28 12:00:00
323,Logan,Wilson,M,2010-06-02,9,Inactive,100,2023-10-23 18:00:00,2025-10-17 12:00:00
324,Luca,Clark,M,2006-12-18,12,Inactive,100,2023-10-24 14:00:00,2025-01-19 12:00:00
325,Caroline,White,F,2008-09-16,12,Inactive,100,2023-10-25 15:00:00,2025-11-12 12:00:00
326,Sebastian,Taylor,M,2008-06-05,11,Inactive,100,2023-10-29 15:00:00,2025-10-08 12:00:00
327,Dylan,Nelson,M,2007-07-05,10,Inactive,100,2023-11-01 17:00:00,2023-11-08 12:00:00
328,Ella,Thomas,F,2007-01-20,10,Inactive,100,2023-11-04 13:00:00,2024-01-13 12:00:00
329,Ella,Williams,F,2007-08-01,11,Active,100,2023-11-05 18:00:00,2025-11-11 12:00:00
330,Daniel,Flores,M,2008-05-24,11,Inactive,100,2023-11-07 14:00:00,2025-11-26 12:00:00
331,Joseph,Flores,M,2011-02-10,8,Inactive,100,2023-11-08 13:00:00,2025-10-06 12:00:00
332,Levi,Walker,M,2006-12-02,11,Inactive,100,2023-11-09 18:00:00,2024-03-21 12:00:00
333,Emma,Campbell,F,2007-02-06,12,Inactive,100,2023-11-10 16:00:00,2025-09-24 12:00:00
334,Sophia,Hill,F,2010-06-21,7,Inactive,100,2023-11-11 14:00:00,2024-03-23 12:00:00
335,Isaac,Garcia,M,2010-09-20,9,Active,100,2023-11-12 17:00:00,2025-09-17 12:00:00
336,Elijah,King,M,2006-05-11,11,Inactive,100,2023-11-13 15:00:00,2024-03-25 12:00:00
337,Caroline,Johnson,F,2006-06-05,12,Inactive,100,2023-11-14 13:00:00,2024-11-07 12:00:00
338,Lily,Garcia,F,2007-03-05,12,Inactive,100,2023-11-16 13:00:00,2025-09-20 12:00:00
339,Aria,Thompson,F,2006-02-20,11,Inactive,100,2023-11-17 13:00:00,2024-03-29 12:00:00
340,Zoey,Taylor,F,2007-01-02,11,Inactive,100,2023-11-18 14:00:00,2025-01-12 12:00:00
341,Carter,Gonzalez,M,2011-12-24,6,Inactive,100,2023-11-19 14:00:00,2024-03-31 12:00:00
342,Lucy,Thomas,F,2008-01-21,9,Inactive,100,2023-11-21 16:00:00,2024-04-02 12:00:00
343,Gabriel,Robinson,M,2008-09-05,10,Inactive,100,2023-11-23 16:00:00,2024-10-09 12:00:00
344,Evelyn,Garcia,F,2008-06-04,10,Active,100,2023-11-24 13:00:00,2025-10-09 12:00:00
345,Skylar,Miller,F,2008-07-24,11,Inactive,100,2023-11-25 13:00:00,2025-09-09 12:00:00
346,Gabriel,Thompson,M,2008-05-26,11,Active,100,2023-11-26 17:00:00,2025-10-27 12:00:00
347,Josiah,King,M,2011-07-06,6,Inactive,100,2023-11-27 16:00:00,2024-04-08 12:00:00
348,Benjamin,White,M,2007-01-07,11,Active,100,2023-11-28 16:00:00,2025-10-08 12:00:00
349,Olivia,Adams,F,2007-04-19,12,Inactive,100,2023-11-29 13:00:00,2024-11-24 12:00:00
350,Hannah,Ramirez,F,2008-12-08,10,Inactive,100,2023-12-03 14:00:00,2025-03-07 12:00:00
351,Scarlet,Flores,F,2007-02-27,11,Inactive,100,2023-12-05 18:00:00,2025-09-28 12:00:00
352,Hudson,Lee,M,2010-07-19,10,Inactive,100,2023-12-07 18:00:00,2025-11-10 12:00:00
353,Nora,Johnson,F,2008-04-26,10,Inactive,100,2023-12-10 18:00:00,2025-03-15 12:00:00
354,Penelope,White,F,2006-03-02,12,Inactive,100,2023-12-11 14:00:00,2024-10-24 12:00:00
355,Carter,Campbell,M,2007-12-20,11,Inactive,100,2023-12-12 16:00:00,2025-10-18 12:00:00
356,Benjamin,Gonzalez,M,2008-11-26,9,Inactive,100,2023-12-15 17:00:00,2024-04-26 12:00:00
357,Amelia,Moore,F,2007-10-19,12,Inactive,100,2023-12-21 17:00:00,2025-11-10 12:00:00
358,Liam,Jackson,M,2006-03-25,12,Inactive,100,2023-12-22 13:00:00,2025-03-28 12:00:00
359,Evelyn,Jones,F,2006-03-27,12,Inactive,100,2023-12-24 18:00:00,2024-09-17 12:00:00
360,Mia,Harris,F,2006-12-03,11,Inactive,100,2023-12-27 13:00:00,2024-05-08 12:00:00
361,Evelyn,Moore,F,2008-09-20,9,Inactive,100,2023-12-30 16:00:00,2024-03-16 12:00:00
362,Maya,Hill,F,2006-07-16,11,Inactive,100,2023-12-31 17:00:00,2024-05-12 12:00:00
363,Stella,Miller,F,2007-09-04,12,Inactive,120,2024-01-03 17:00:00,2024-09-17 12:00:00
364,Paisley,Roberts,F,2009-07-18,10,Inactive,120,2024-01-04 16:00:00,2024-11-16 12:00:00
365,Chloe,Torres,F,2008-08-11,10,Inactive,120,2024-01-05 14:00:00,2024-05-17 12:00:00
366,Sofia,Nguyen,F,2009-08-03,9,Inactive,120,2024-01-06 18:00:00,2024-05-18 12:00:00
367,Aiden,Brown,M,2009-06-22,11,Inactive,120,2024-01-10 14:00:00,2025-11-29 12:00:00
368,Stella,Nguyen,F,2012-09-26,6,Inactive,120,2024-01-11 17:00:00,2024-05-23 12:00:00
369,Levi,Walker,M,2007-07-23,11,Inactive,120,2024-01-12 17:00:00,2024-05-24 12:00:00
370,Owen,Thompson,M,2008-07-05,10,Inactive,120,2024-01-14 14:00:00,2024-03-24 12:00:00
371,Ella,Nguyen,F,2009-06-08,10,Inactive,120,2024-01-15 17:00:00,2025-01-25 12:00:00
372,Aubrey,Brown,F,2009-02-18,10,Inactive,120,2024-01-18 13:00:00,2024-09-16 12:00:00
373,Sophia,Allen,F,2007-11-08,12,Inactive,120,2024-01-21 18:00:00,2024-10-17 12:00:00
374,Sophia,Campbell,F,2007-10-28,12,Inactive,120,2024-01-23 18:00:00,2024-09-09 12:00:00
375,Michael,Martinez,M,2007-07-03,11,Inactive,120,2024-01-24 14:00:00,2024-06-05 12:00:00
376,Evelyn,Flores,F,2008-09-13,11,Inactive,120,2024-01-25 15:00:00,2025-03-20 12:00:00
377,Avery,Miller,F,2007-05-08,11,Inactive,120,2024-01-27 14:00:00,2024-06-08 12:00:00
378,Harper,Torres,F,2008-01-16,11,Active,120,2024-01-29 13:00:00,2025-09-20 12:00:00
379,Aurora,Garcia,F,2012-04-01,7,Inactive,120,2024-01-31 18:00:00,2025-09-11 12:00:00
380,Ava,Martin,F,2007-05-15,11,Inactive,120,2024-02-02 15:00:00,2024-06-14 12:00:00
381,Wyatt,Davis,M,2011-04-10,9,Inactive,120,2024-02-04 18:00:00,2025-09-23 12:00:00
382,Mason,Ramirez,M,2007-02-12,12,Inactive,120,2024-02-05 15:00:00,2024-09-14 12:00:00
383,Genesis,Rodriguez,F,2008-03-23,10,Inactive,120,2024-02-14 18:00:00,2024-04-10 12:00:00
384,Leah,Allen,F,2012-08-04,7,Inactive,120,2024-02-16 18:00:00,2025-10-12 12:00:00
385,Lily,Robinson,F,2012-11-19,6,Inactive,120,2024-02-21 15:00:00,2024-07-03 12:00:00
386,Liam,Hernandez,M,2008-09-11,11,Inactive,120,2024-02-26 13:00:00,2025-02-11 12:00:00
387,Ella,Smith,F,2009-06-12,10,Inactive,120,2024-02-27 14:00:00,2025-11-26 12:00:00
388,Nova,Thomas,F,2009-09-07,10,Inactive,120,2024-03-02 17:00:00,2025-03-04 12:00:00
389,Elijah,Baker,M,2011-10-02,7,Inactive,120,2024-03-03 17:00:00,2024-07-14 12:00:00
390,Samantha,Clark,F,2009-10-16,12,Inactive,120,2024-03-05 15:00:00,2025-10-18 12:00:00
391,Ethan,Lewis,M,2009-07-13,11,Active,120,2024-03-06 13:00:00,2025-10-24 12:00:00
392,Sofia,Thomas,F,2008-12-03,10,Inactive,120,2024-03-08 13:00:00,2024-07-19 12:00:00
393,Mateo,Davis,M,2008-03-15,12,Inactive,120,2024-03-09 13:00:00,2025-10-14 12:00:00
394,Scarlett,Anderson,F,2012-04-12,6,Inactive,120,2024-03-11 15:00:00,2024-07-22 12:00:00
395,Aria,Johnson,F,2007-11-08,11,Inactive,120,2024-03-12 17:00:00,2024-05-21 12:00:00
396,Aurora,Roberts,F,2011-08-19,7,Inactive,120,2024-03-14 18:00:00,2024-07-25 12:00:00
397,Matthew,Jackson,M,2007-06-22,12,Inactive,120,2024-03-15 18:00:00,2024-11-11 12:00:00
398,Amelia,Campbell,F,2012-05-11,6,Inactive,120,2024-03-19 14:00:00,2024-07-30 12:00:00
399,Penelope,Johnson,F,2009-05-02,12,Inactive,120,2024-03-21 16:00:00,2025-10-15 12:00:00
400,Victoria,Williams,F,2009-11-28,11,Active,120,2024-03-22 13:00:00,2025-11-04 12:00:00
401,David,Brown,M,2009-09-05,11,Inactive,120,2024-03-23 17:00:00,2025-11-14 12:00:00
402,Sophia,Ramirez,F,2007-01-07,11,Inactive,120,2024-03-24 14:00:00,2024-08-04 12:00:00
403,Henry,Nelson,M,2008-08-10,11,Inactive,120,2024-03-26 13:00:00,2024-11-03 12:00:00
404,Alexander,Flores,M,2012-12-06,6,Inactive,120,2024-03-27 13:00:00,2024-04-10 12:00:00
405,Skylar,Miller,F,2009-09-20,9,Inactive,120,2024-03-29 14:00:00,2024-08-09 12:00:00
406,Aurora,Mitchell,F,2011-05-20,7,Inactive,120,2024-04-02 13:00:00,2024-08-13 12:00:00
407,Luke,Flores,M,2012-02-03,6,Inactive,120,2024-04-03 15:00:00,2024-06-05 12:00:00
408,Harper,Jones,F,2008-11-23,10,Inactive,120,2024-04-05 15:00:00,2024-06-14 12:00:00
409,Samantha,Thomas,F,2009-05-01,10,Inactive,120,2024-04-09 14:00:00,2025-09-16 12:00:00
410,Avery,Hill,F,2008-06-01,10,Inactive,120,2024-04-14 13:00:00,2024-08-25 12:00:00
411,Scarlet,Taylor,F,2007-06-18,12,Inactive,120,2024-04-15 18:00:00,2024-09-23 12:00:00
412,Elizabeth,Hill,F,2008-01-24,11,Inactive,120,2024-04-17 15:00:00,2025-02-12 12:00:00
413,Mateo,Johnson,M,2011-10-12,8,Inactive,120,2024-04-18 18:00:00,2025-03-20 12:00:00
414,Ezra,Roberts,M,2009-07-21,11,Active,120,2024-04-19 13:00:00,2025-09-15 12:00:00
415,Logan,Hill,M,2007-10-23,12,Inactive,120,2024-04-28 18:00:00,2025-11-02 12:00:00
416,Amelia,Wilson,F,2009-09-06,10,Inactive,120,2024-04-30 15:00:00,2025-02-11 12:00:00
417,Josiah,Robinson,M,2009-09-20,9,Inactive,120,2024-05-04 14:00:00,2024-09-14 12:00:00
418,Avery,Taylor,F,2007-08-04,11,Inactive,120,2024-05-09 17:00:00,2024-09-19 12:00:00
419,Asher,Green,M,2011-08-27,10,Active,120,2024-05-13 16:00:00,2025-11-14 12:00:00
420,Sophia,Campbell,F,2008-08-27,10,Inactive,120,2024-05-17 15:00:00,2024-09-06 12:00:00
421,Aurora,Perez,F,2009-01-14,11,Inactive,120,2024-05-19 13:00:00,2025-11-04 12:00:00
422,Asher,Williams,M,2008-02-14,10,Inactive,120,2024-05-20 16:00:00,2024-09-30 12:00:00
423,Theodore,Lopez,M,2009-01-02,10,Inactive,120,2024-05-21 18:00:00,2025-01-27 12:00:00
424,Carter,Hall,M,2009-05-26,10,Inactive,120,2024-05-22 16:00:00,2025-10-22 12:00:00
425,Aria,King,F,2012-12-02,7,Inactive,120,2024-05-25 15:00:00,2025-02-13 12:00:00
426,Elizabeth,Wilson,F,2012-08-19,9,Active,120,2024-05-28 18:00:00,2025-10-11 12:00:00
427,Stella,Brown,F,2009-09-16,9,Inactive,120,2024-05-29 13:00:00,2024-06-19 12:00:00
428,Julian,Nguyen,M,2008-06-09,10,Inactive,120,2024-06-01 14:00:00,2024-10-12 12:00:00
429,Anna,Rodriguez,F,2007-01-03,12,Inactive,120,2024-06-03 16:00:00,2024-11-24 12:00:00
430,Willow,Williams,F,2009-05-14,10,Inactive,120,2024-06-08 13:00:00,2025-09-24 12:00:00
431,Aria,Smith,F,2011-03-21,7,Inactive,120,2024-06-09 17:00:00,2024-10-20 12:00:00
432,Ethan,Lopez,M,2007-03-03,11,Inactive,120,2024-06-12 17:00:00,2024-10-23 12:00:00
433,Benjamin,Baker,M,2009-10-05,10,Inactive,120,2024-06-13 14:00:00,2025-09-20 12:00:00
434,Scarlet,Thompson,F,2009-09-02,11,Inactive,120,2024-06-14 16:00:00,2025-10-08 12:00:00
435,Charles,Allen,M,2008-07-09,12,Inactive,120,2024-06-15 15:00:00,2024-09-29 12:00:00
436,Hudson,King,M,2011-02-01,9,Inactive,120,2024-06-18 15:00:00,2025-11-19 12:00:00
437,Aria,Lewis,F,2009-05-05,11,Inactive,120,2024-06-21 16:00:00,2025-09-29 12:00:00
438,Michael,Taylor,M,2008-10-27,10,Inactive,120,2024-06-22 18:00:00,2024-11-02 12:00:00
439,Hannah,Smith,F,2011-11-06,9,Inactive,120,2024-06-26 16:00:00,2025-09-15 12:00:00
440,David,Jones,M,2011-12-28,9,Inactive,120,2024-06-29 18:00:00,2025-09-10 12:00:00
441,Asher,Lewis,M,2009-09-03,10,Inactive,120,2024-07-01 15:00:00,2025-01-23 12:00:00
442,Lincoln,Robinson,M,2007-09-25,12,Inactive,120,2024-07-02 16:00:00,2025-10-08 12:00:00
443,Riley,Nguyen,F,2011-01-03,8,Inactive,120,2024-07-03 16:00:00,2024-12-01 12:00:00
444,Sofia,Wright,F,2009-12-10,9,Inactive,120,2024-07-05 18:00:00,2024-11-15 12:00:00
445,Scarlet,Davis,F,2008-10-02,10,Inactive,120,2024-07-06 17:00:00,2024-11-16 12:00:00
446,Evelyn,Williams,F,2007-09-27,12,Inactive,120,2024-07-11 16:00:00,2024-09-26 12:00:00
447,Luke,Brown,M,2011-05-16,7,Inactive,120,2024-07-13 18:00:00,2024-11-23 12:00:00
448,Lily,Williams,F,2009-08-09,9,Inactive,120,2024-07-16 15:00:00,2024-11-26 12:00:00
449,Emilia,Nguyen,F,2009-10-16,10,Inactive,120,2024-07-17 13:00:00,2025-02-11 12:00:00
450,Riley,Moore,F,2008-07-23,12,Inactive,120,2024-07-18 15:00:00,2025-04-01 12:00:00
451,Elijah,Scott,M,2011-02-19,7,Inactive,120,2024-07-19 17:00:00,2024-11-29 12:00:00
452,Aubrey,Rodriguez,F,2007-09-21,12,Inactive,120,2024-07-24 15:00:00,2024-11-21 12:00:00
453,Ella,Clark,F,2011-10-05,10,Inactive,120,2024-07-27 17:00:00,2025-09-14 12:00:00
454,Emilia,Walker,F,2008-05-12,10,Inactive,120,2024-07-29 16:00:00,2024-12-09 12:00:00
455,Zoey,Perez,F,2009-08-24,9,Inactive,120,2024-07-31 13:00:00,2024-08-07 12:00:00
456,Evelyn,Thomas,F,2009-11-01,10,Active,120,2024-08-01 14:00:00,2025-11-15 12:00:00
457,Grayson,Thomas,M,2012-02-03,7,Inactive,120,2024-08-02 18:00:00,2024-09-20 12:00:00
458,Claire,Miller,F,2007-03-07,12,Inactive,120,2024-08-03 17:00:00,2024-10-02 12:00:00
459,Elijah,Lewis,M,2009-03-24,9,Inactive,120,2024-08-04 16:00:00,2024-12-15 12:00:00
460,Avery,Allen,F,2009-04-12,11,Inactive,120,2024-08-06 17:00:00,2025-04-11 12:00:00
461,Owen,Adams,M,2009-04-12,11,Inactive,120,2024-08-10 13:00:00,2024-10-25 12:00:00
462,Victoria,Davis,F,2008-03-09,10,Inactive,120,2024-08-14 17:00:00,2024-12-25 12:00:00
463,Oliver,King,M,2012-02-09,6,Inactive,120,2024-08-18 13:00:00,2024-12-29 12:00:00
464,Thomas,Nelson,M,2008-09-03,12,Inactive,120,2024-08-19 17:00:00,2025-09-27 12:00:00
465,Grace,King,F,2009-06-05,9,Inactive,120,2024-08-23 15:00:00,2024-08-30 12:00:00
466,Matthew,Davis,M,2009-12-12,9,Inactive,120,2024-08-24 17:00:00,2024-08-31 12:00:00
467,Hannah,Brown,F,2012-03-07,6,Inactive,120,2024-08-26 18:00:00,2025-01-06 12:00:00
468,William,Walker,M,2009-05-15,9,Inactive,120,2024-08-27 16:00:00,2025-01-07 12:00:00
469,Emma,Taylor,F,2012-05-11,6,Inactive,120,2024-08-28 16:00:00,2024-09-04 12:00:00
470,Samantha,Hernandez,F,2008-04-15,12,Inactive,120,2024-08-30 17:00:00,2024-10-23 12:00:00
471,Victoria,Smith,F,2008-07-02,12,Inactive,120,2024-08-31 17:00:00,2025-10-24 12:00:00
472,Thomas,Wilson,M,2009-05-24,9,Inactive,120,2024-09-01 14:00:00,2025-01-12 12:00:00
473,Chloe,Wright,F,2012-05-15,6,Inactive,120,2024-09-03 15:00:00,2025-01-14 12:00:00
474,Maverick,Carter,M,2011-05-19,10,Active,120,2024-09-04 17:00:00,2025-10-12 12:00:00
475,Ethan,Sanchez,M,2009-07-15,10,Inactive,120,2024-09-05 16:00:00,2025-02-23 12:00:00
476,Lucas,Lee,M,2008-02-18,11,Active,120,2024-09-06 14:00:00,2025-09-10 12:00:00
477,Matthew,Robinson,M,2008-09-03,10,Inactive,120,2024-09-07 14:00:00,2025-01-18 12:00:00
478,Elijah,Ramirez,M,2012-08-03,7,Inactive,120,2024-09-08 15:00:00,2025-11-26 12:00:00
479,Aurora,Young,F,2008-03-23,10,Inactive,120,2024-09-09 15:00:00,2025-01-20 12:00:00
480,Hazel,King,F,2007-11-06,12,Inactive,120,2024-09-10 16:00:00,2025-03-16 12:00:00
481,Scarlett,Sanchez,F,2009-10-01,9,Inactive,120,2024-09-11 14:00:00,2025-01-22 12:00:00
482,Josiah,Clark,M,2007-12-27,12,Inactive,120,2024-09-12 18:00:00,2025-09-10 12:00:00
483,Jack,Perez,M,2009-07-11,11,Inactive,120,2024-09-14 16:00:00,2024-10-31 12:00:00
484,Bella,Rodriguez,F,2009-10-17,11,Active,120,2024-09-16 13:00:00,2025-09-06 12:00:00
485,Hannah,Smith,F,2011-11-02,7,Inactive,120,2024-09-17 15:00:00,2025-01-28 12:00:00
486,Abigail,Gonzalez,F,2009-10-09,9,Inactive,120,2024-09-19 17:00:00,2025-01-30 12:00:00
487,Maya,Torres,F,2011-03-06,7,Inactive,120,2024-09-20 14:00:00,2025-01-31 12:00:00
488,Mia,Harris,F,2009-03-05,10,Inactive,120,2024-09-21 15:00:00,2025-09-27 12:00:00
489,Matthew,Gonzalez,M,2009-03-04,10,Inactive,120,2024-09-22 14:00:00,2025-03-09 12:00:00
490,Aurora,Allen,F,2011-07-12,10,Inactive,120,2024-09-23 16:00:00,2025-10-15 12:00:00
491,Paisley,Lee,F,2007-12-19,12,Inactive,120,2024-09-24 17:00:00,2025-09-14 12:00:00
492,Sofia,Thomas,F,2009-12-24,9,Inactive,120,2024-09-25 16:00:00,2025-02-05 12:00:00
493,Ethan,Rodriguez,M,2009-06-09,9,Inactive,120,2024-09-26 16:00:00,2025-02-06 12:00:00
494,Benjamin,Flores,M,2007-07-21,12,Inactive,120,2024-09-27 17:00:00,2024-11-09 12:00:00
495,Asher,Young,M,2009-10-06,10,Inactive,120,2024-09-28 14:00:00,2025-02-16 12:00:00
496,Asher,Rivera,M,2007-04-10,11,Inactive,120,2024-09-29 17:00:00,2025-02-09 12:00:00
497,Genesis,Jackson,F,2007-11-02,11,Inactive,120,2024-09-30 15:00:00,2025-02-10 12:00:00
498,Levi,Adams,M,2012-04-11,6,Inactive,120,2024-10-02 14:00:00,2025-02-12 12:00:00
499,Avery,Jones,F,2007-05-28,12,Inactive,120,2024-10-03 15:00:00,2024-10-31 12:00:00
500,Gabriel,Rivera,M,2009-07-15,9,Inactive,120,2024-10-04 16:00:00,2025-02-14 12:00:00
501,Lucy,Baker,F,2012-05-12,8,Inactive,120,2024-10-05 14:00:00,2025-09-20 12:00:00
502,Harper,Torres,F,2009-07-12,11,Inactive,120,2024-10-08 13:00:00,2025-09-26 12:00:00
503,Ezra,Anderson,M,2008-06-15,10,Inactive,120,2024-10-09 14:00:00,2025-02-19 12:00:00
504,Scarlett,Allen,F,2009-06-26,9,Inactive,120,2024-10-10 15:00:00,2025-02-20 12:00:00
505,Isabella,Miller,F,2007-03-03,12,Inactive,120,2024-10-11 16:00:00,2025-09-24 12:00:00
506,Julian,Lee,M,2012-08-16,8,Inactive,120,2024-10-14 17:00:00,2025-11-04 12:00:00
507,Jack,Martinez,M,2008-04-25,11,Active,120,2024-10-15 15:00:00,2025-10-12 12:00:00
508,Josiah,Nguyen,M,2012-09-23,6,Inactive,120,2024-10-16 16:00:00,2024-10-23 12:00:00
509,Genesis,Williams,F,2009-10-14,10,Active,120,2024-10-17 15:00:00,2025-10-16 12:00:00
510,Emilia,Robinson,F,2008-11-04,12,Inactive,120,2024-10-19 14:00:00,2025-11-24 12:00:00
511,James,King,M,2011-06-14,7,Inactive,120,2024-10-20 13:00:00,2024-10-27 12:00:00
512,Jackson,Smith,M,2008-05-12,10,Inactive,120,2024-10-22 18:00:00,2025-03-04 12:00:00
513,Hannah,Jackson,F,2009-01-10,10,Inactive,120,2024-10-23 17:00:00,2025-10-25 12:00:00
514,Anna,White,F,2009-07-15,9,Inactive,120,2024-10-24 17:00:00,2025-03-06 12:00:00
515,Carter,Baker,M,2008-10-26,10,Inactive,120,2024-10-25 17:00:00,2025-03-07 12:00:00
516,Anna,King,F,2009-03-01,9,Inactive,120,2024-10-26 15:00:00,2025-02-01 12:00:00
517,John,Mitchell,M,2007-09-10,12,Inactive,120,2024-10-27 17:00:00,2024-11-23 12:00:00
518,Aria,Nguyen,F,2009-06-21,11,Inactive,120,2024-10-27 14:00:00,2024-12-03 12:00:00
519,Caroline,Hall,F,2008-12-09,12,Inactive,120,2024-10-28 18:00:00,2025-10-21 12:00:00
520,Emily,Miller,F,2007-04-19,12,Inactive,120,2024-10-29 14:00:00,2025-10-08 12:00:00
521,Emilia,Rodriguez,F,2008-10-28,11,Inactive,120,2024-10-30 15:00:00,2024-12-02 12:00:00
522,Elizabeth,Lopez,F,2012-05-24,7,Active,120,2024-10-31 16:00:00,2025-10-19 12:00:00
523,Ella,Jackson,F,2009-05-17,9,Inactive,120,2024-10-31 15:00:00,2025-03-13 12:00:00
524,Nora,Ramirez,F,2007-03-24,12,Inactive,120,2024-11-01 18:00:00,2025-11-06 12:00:00
525,Alexander,Anderson,M,2009-10-04,9,Inactive,120,2024-11-02 14:00:00,2025-03-15 12:00:00
526,Stella,Hall,F,2008-08-10,10,Inactive,120,2024-11-02 14:00:00,2025-03-15 12:00:00
527,Olivia,Wilson,F,2008-12-09,12,Inactive,120,2024-11-03 16:00:00,2025-09-27 12:00:00
528,Avery,Young,F,2008-02-10,11,Inactive,120,2024-11-04 14:00:00,2025-11-24 12:00:00
529,Isaac,Scott,M,2009-09-26,10,Inactive,120,2024-11-05 14:00:00,2025-11-09 12:00:00
530,Owen,Lopez,M,2009-09-04,10,Inactive,120,2024-11-06 17:00:00,2025-09-13 12:00:00
531,Brooklyn,Hill,F,2008-01-21,11,Inactive,120,2024-11-07 15:00:00,2025-11-21 12:00:00
532,Grace,Ramirez,F,2011-04-27,8,Inactive,120,2024-11-07 15:00:00,2024-11-29 12:00:00
533,Benjamin,Roberts,M,2007-10-20,11,Inactive,120,2024-11-08 18:00:00,2024-11-15 12:00:00
534,Lucas,Davis,M,2012-06-19,7,Active,120,2024-11-09 17:00:00,2025-11-20 12:00:00
535,Aria,Martin,F,2008-05-21,10,Inactive,120,2024-11-12 14:00:00,2024-11-19 12:00:00
536,Jack,Miller,M,2008-07-28,10,Inactive,120,2024-11-12 18:00:00,2025-03-25 12:00:00
537,Olivia,Campbell,F,2008-10-16,10,Inactive,120,2024-11-13 14:00:00,2024-11-20 12:00:00
538,Evelyn,Lewis,F,2011-01-13,7,Inactive,120,2024-11-13 18:00:00,2025-03-26 12:00:00
539,Bella,Thomas,F,2011-11-23,7,Inactive,120,2024-11-14 13:00:00,2024-11-21 12:00:00
540,Anthony,Martinez,M,2011-09-08,8,Inactive,120,2024-11-15 14:00:00,2025-10-20 12:00:00
541,Savannah,Ramirez,F,2007-01-04,11,Inactive,120,2024-11-15 16:00:00,2025-03-28 12:00:00
542,Genesis,Williams,F,2007-08-16,11,Inactive,120,2024-11-16 16:00:00,2025-03-29 12:00:00
543,Aubrey,Perez,F,2012-01-07,6,Inactive,120,2024-11-17 17:00:00,2025-03-30 12:00:00
544,Julian,Gonzalez,M,2009-06-26,10,Inactive,120,2024-11-17 13:00:00,2025-04-08 12:00:00
545,Scarlet,Rivera,F,2009-01-15,11,Inactive,120,2024-11-18 13:00:00,2025-10-24 12:00:00
546,Willow,Garcia,F,2012-02-10,6,Inactive,120,2024-11-18 13:00:00,2025-03-31 12:00:00
547,Benjamin,Jones,M,2007-09-07,12,Inactive,120,2024-11-20 14:00:00,2025-09-18 12:00:00
548,Willow,Williams,F,2011-12-13,7,Inactive,120,2024-11-20 16:00:00,2025-04-02 12:00:00
549,Kennedy,Robinson,F,2008-08-06,10,Inactive,120,2024-11-21 18:00:00,2025-04-03 12:00:00
550,Evelyn,Sanchez,F,2011-10-22,7,Inactive,120,2024-11-22 17:00:00,2024-11-29 12:00:00
551,Aria,Wilson,F,2008-08-26,11,Active,120,2024-11-22 16:00:00,2025-09-22 12:00:00
552,Riley,Thompson,F,2007-05-17,12,Active,120,2024-11-24 14:00:00,2025-10-29 12:00:00
553,Luke,King,M,2009-11-01,9,Inactive,120,2024-11-24 13:00:00,2024-12-01 12:00:00
554,Nora,Davis,F,2008-07-21,11,Inactive,120,2024-11-25 16:00:00,2025-10-28 12:00:00
555,Sophia,Campbell,F,2008-12-22,12,Active,120,2024-11-25 15:00:00,2025-09-28 12:00:00
556,Bella,Torres,F,2009-03-13,9,Inactive,120,2024-11-26 14:00:00,2025-04-08 12:00:00
557,Jack,Anderson,M,2009-07-13,11,Active,120,2024-11-26 16:00:00,2025-11-16 12:00:00
558,Aurora,Lopez,F,2009-12-11,10,Inactive,120,2024-11-27 16:00:00,2025-10-07 12:00:00
559,Theodore,Miller,M,2009-07-27,9,Inactive,120,2024-11-29 13:00:00,2025-04-11 12:00:00
560,Lucas,Adams,M,2009-11-07,9,Inactive,120,2024-11-30 14:00:00,2025-04-12 12:00:00
561,Mateo,Hernandez,M,2009-10-17,11,Inactive,120,2024-11-30 17:00:00,2025-11-01 12:00:00
562,Zoey,Flores,F,2008-06-18,10,Inactive,120,2024-12-02 16:00:00,2025-04-14 12:00:00
563,Grace,White,F,2011-01-27,7,Inactive,120,2024-12-03 13:00:00,2025-04-15 12:00:00
564,Grace,Walker,F,2007-05-04,11,Inactive,120,2024-12-03 14:00:00,2025-04-15 12:00:00
565,Logan,Campbell,M,2009-04-05,10,Active,120,2024-12-04 13:00:00,2025-11-23 12:00:00
566,Chloe,Young,F,2008-12-07,11,Active,120,2024-12-07 18:00:00,2025-09-16 12:00:00
567,Jack,Nelson,M,2007-10-26,12,Active,120,2024-12-07 18:00:00,2025-09-07 12:00:00
568,Alexander,Ramirez,M,2012-12-20,6,Inactive,120,2024-12-08 18:00:00,2025-04-20 12:00:00
569,Riley,Mitchell,F,2007-07-27,12,Inactive,120,2024-12-08 14:00:00,2025-10-10 12:00:00
570,Hazel,Garcia,F,2009-02-21,9,Inactive,120,2024-12-09 16:00:00,2025-04-21 12:00:00
571,Claire,Davis,F,2008-10-16,10,Inactive,120,2024-12-09 17:00:00,2024-12-16 12:00:00
572,James,Wright,M,2008-06-02,10,Inactive,120,2024-12-11 14:00:00,2025-04-23 12:00:00
573,Lily,Thompson,F,2008-08-10,12,Inactive,120,2024-12-12 17:00:00,2025-12-07 12:00:00
574,Anna,Johnson,F,2007-10-10,12,Active,120,2024-12-13 17:00:00,2025-10-01 12:00:00
575,Aurora,Young,F,2008-07-10,12,Inactive,120,2024-12-13 18:00:00,2025-09-22 12:00:00
576,Riley,Hall,F,2007-06-14,11,Inactive,120,2024-12-14 15:00:00,2025-04-26 12:00:00
577,Alexander,Thomas,M,2008-12-26,11,Inactive,120,2024-12-15 18:00:00,2025-10-24 12:00:00
578,Violet,White,F,2007-03-12,12,Inactive,120,2024-12-15 14:00:00,2025-10-27 12:00:00
579,Violet,Hill,F,2007-12-16,11,Inactive,120,2024-12-18 15:00:00,2025-02-12 12:00:00
580,Mason,Hall,M,2012-11-02,6,Inactive,120,2024-12-20 16:00:00,2025-05-02 12:00:00
581,Grace,Lopez,F,2008-08-22,10,Inactive,120,2024-12-20 14:00:00,2024-12-27 12:00:00
582,Isabella,Moore,F,2007-04-27,12,Inactive,120,2024-12-24 17:00:00,2025-09-17 12:00:00
583,Hudson,Moore,M,2007-11-06,11,Inactive,120,2024-12-24 17:00:00,2025-05-06 12:00:00
584,John,Perez,M,2009-03-22,9,Inactive,120,2024-12-26 15:00:00,2025-06-26 12:00:00
585,Maya,Thomas,F,2009-01-19,11,Inactive,120,2024-12-28 14:00:00,2025-11-05 12:00:00
586,Julian,Clark,M,2009-10-24,10,Inactive,120,2024-12-28 13:00:00,2025-11-26 12:00:00
587,Chloe,Campbell,F,2009-03-10,9,Inactive,120,2024-12-30 16:00:00,2025-05-12 12:00:00
588,Luca,Mitchell,M,2012-05-23,7,Inactive,120,2024-12-30 17:00:00,2025-11-12 12:00:00
589,Samantha,Allen,F,2007-12-11,11,Inactive,120,2024-12-31 18:00:00,2025-05-13 12:00:00
590,John,Moore,M,2012-01-14,6,Inactive,120,2024-12-31 14:00:00,2025-05-13 12:00:00
591,Jackson,Mitchell,M,2008-05-22,12,Inactive,120,2025-01-02 14:00:00,2025-09-26 12:00:00
592,Dylan,Rivera,M,2010-05-25,9,Inactive,120,2025-01-03 15:00:00,2025-04-04 12:00:00
593,Samantha,Robinson,F,2008-06-25,12,Inactive,120,2025-01-03 17:00:00,2025-10-12 12:00:00
594,Ellie,Miller,F,2009-09-25,10,Inactive,120,2025-01-04 15:00:00,2025-03-15 12:00:00
595,Maya,Roberts,F,2009-06-11,10,Inactive,120,2025-01-04 16:00:00,2025-05-17 12:00:00
596,Harper,Jones,F,2008-06-07,11,Inactive,120,2025-01-08 15:00:00,2025-05-21 12:00:00
597,Emma,Clark,F,2012-05-14,9,Active,120,2025-01-08 15:00:00,2025-09-23 12:00:00
598,Samantha,Sanchez,F,2009-11-02,11,Active,120,2025-01-10 14:00:00,2025-09-21 12:00:00
599,Aria,Wilson,F,2012-08-02,7,Inactive,120,2025-01-10 16:00:00,2025-07-04 12:00:00
600,Leah,Johnson,F,2013-02-12,6,Inactive,120,2025-01-14 18:00:00,2025-05-27 12:00:00
601,Sophia,Baker,F,2009-01-21,11,Inactive,120,2025-01-14 14:00:00,2025-09-27 12:00:00
602,Luca,White,M,2013-10-22,7,Active,120,2025-01-15 16:00:00,2025-11-13 12:00:00
603,Brooklyn,Thompson,F,2010-08-22,9,Inactive,120,2025-01-18 15:00:00,2025-05-31 12:00:00
604,Victoria,Torres,F,2008-04-25,11,Inactive,120,2025-01-23 13:00:00,2025-06-19 12:00:00
605,Zoey,Mitchell,F,2010-02-05,10,Inactive,120,2025-01-25 13:00:00,2025-09-08 12:00:00
606,Willow,Lewis,F,2012-08-11,7,Inactive,120,2025-01-26 18:00:00,2025-03-30 12:00:00
607,Skylar,Thomas,F,2013-01-23,7,Inactive,120,2025-01-27 14:00:00,2025-10-03 12:00:00
608,Elias,Carter,M,2012-09-15,9,Inactive,120,2025-01-28 15:00:00,2025-11-22 12:00:00
609,Aiden,Flores,M,2010-04-08,10,Inactive,120,2025-01-28 17:00:00,2025-11-16 12:00:00
610,Paisley,Davis,F,2008-02-12,11,Inactive,120,2025-01-29 15:00:00,2025-06-11 12:00:00
611,Genesis,Roberts,F,2013-10-11,6,Inactive,120,2025-01-29 13:00:00,2025-06-11 12:00:00
612,Scarlet,Carter,F,2008-02-16,12,Inactive,120,2025-02-02 13:00:00,2025-09-15 12:00:00
613,Theodore,Nguyen,M,2008-01-26,11,Inactive,120,2025-02-02 14:00:00,2025-06-15 12:00:00
614,Skylar,Martin,F,2012-07-11,7,Inactive,120,2025-02-05 13:00:00,2025-06-18 12:00:00
615,Olivia,Harris,F,2010-06-03,9,Inactive,120,2025-02-05 16:00:00,2025-06-25 12:00:00
616,Scarlet,Hall,F,2013-05-11,6,Inactive,120,2025-02-06 13:00:00,2025-05-29 12:00:00
617,Elias,Nguyen,M,2009-05-12,11,Inactive,120,2025-02-09 15:00:00,2025-12-07 12:00:00
618,Bella,Baker,F,2008-01-03,12,Inactive,120,2025-02-10 17:00:00,2025-11-11 12:00:00
619,Anna,Davis,F,2013-08-03,6,Inactive,120,2025-02-12 15:00:00,2025-06-18 12:00:00
620,Anthony,Scott,M,2013-11-16,6,Inactive,120,2025-02-13 14:00:00,2025-06-26 12:00:00
621,Avery,Scott,F,2013-03-25,8,Inactive,120,2025-02-13 17:00:00,2025-10-22 12:00:00
622,Scarlet,Campbell,F,2013-12-11,6,Inactive,120,2025-02-17 15:00:00,2025-06-30 12:00:00
623,Abigail,Walker,F,2008-01-15,11,Inactive,120,2025-02-17 13:00:00,2025-06-30 12:00:00
624,Genesis,Allen,F,2009-09-14,11,Active,120,2025-02-18 15:00:00,2025-09-08 12:00:00
625,Claire,Martinez,F,2010-10-16,10,Inactive,120,2025-02-18 13:00:00,2025-11-12 12:00:00
626,Violet,Mitchell,F,2008-01-24,11,Inactive,120,2025-02-20 13:00:00,2025-07-03 12:00:00
627,Jack,Anderson,M,2008-02-24,12,Inactive,120,2025-02-20 18:00:00,2025-10-04 12:00:00
628,Nova,Martin,F,2008-07-19,12,Inactive,120,2025-02-25 15:00:00,2025-11-10 12:00:00
629,Ethan,Adams,M,2009-11-27,11,Inactive,120,2025-02-28 13:00:00,2025-12-03 12:00:00
630,Lily,Moore,F,2010-09-02,9,Inactive,120,2025-02-28 13:00:00,2025-07-11 12:00:00
631,Daniel,Lee,M,2010-01-06,9,Inactive,120,2025-03-02 16:00:00,2025-04-13 12:00:00
632,Samuel,Lee,M,2012-09-20,8,Inactive,120,2025-03-03 16:00:00,2025-12-07 12:00:00
633,Samuel,Rodriguez,M,2008-03-25,12,Active,120,2025-03-03 16:00:00,2025-09-11 12:00:00
634,Hazel,Moore,F,2010-10-18,9,Inactive,120,2025-03-04 15:00:00,2025-03-25 12:00:00
635,Elias,Smith,M,2009-12-24,11,Inactive,120,2025-03-06 13:00:00,2025-10-30 12:00:00
636,Alexander,Williams,M,2010-11-19,9,Inactive,120,2025-03-08 13:00:00,2025-07-19 12:00:00
637,Olivia,Williams,F,2010-11-18,9,Inactive,120,2025-03-08 15:00:00,2025-05-24 12:00:00
638,Genesis,Rodriguez,F,2013-10-18,7,Inactive,120,2025-03-09 13:00:00,2025-09-17 12:00:00
639,Sofia,Walker,F,2008-02-22,12,Inactive,120,2025-03-10 16:00:00,2025-10-01 12:00:00
640,Carter,Campbell,M,2008-03-03,11,Inactive,120,2025-03-10 17:00:00,2025-07-21 12:00:00
641,Isaac,Torres,M,2009-01-19,10,Inactive,120,2025-03-14 13:00:00,2025-05-09 12:00:00
642,Kennedy,Carter,F,2012-08-03,7,Inactive,120,2025-03-14 13:00:00,2025-07-25 12:00:00
643,Samuel,Ramirez,M,2010-11-05,9,Inactive,120,2025-03-16 15:00:00,2025-07-27 12:00:00
644,Joseph,Lee,M,2008-08-16,12,Active,120,2025-03-17 13:00:00,2025-11-21 12:00:00
645,Daniel,Perez,M,2010-09-26,9,Inactive,120,2025-03-19 15:00:00,2025-07-30 12:00:00
646,Aubrey,Allen,F,2008-03-03,12,Inactive,120,2025-03-19 13:00:00,2025-10-15 12:00:00
647,Kennedy,Allen,F,2009-11-24,10,Inactive,120,2025-03-20 16:00:00,2025-06-05 12:00:00
648,Nova,Campbell,F,2008-02-01,12,Active,120,2025-03-23 13:00:00,2025-09-27 12:00:00
649,Skylar,White,F,2008-08-22,11,Inactive,120,2025-03-24 17:00:00,2025-06-02 12:00:00
650,Maya,Nelson,F,2008-04-20,11,Inactive,120,2025-03-24 14:00:00,2025-08-04 12:00:00
651,Emma,Brown,F,2012-09-28,7,Inactive,120,2025-03-25 16:00:00,2025-04-15 12:00:00
652,Luca,Wilson,M,2013-08-03,7,Active,120,2025-03-25 13:00:00,2025-11-10 12:00:00
653,Sophia,Jones,F,2013-11-06,7,Inactive,120,2025-03-28 14:00:00,2025-09-16 12:00:00
654,Grace,Roberts,F,2009-08-19,10,Inactive,120,2025-03-28 17:00:00,2025-07-04 12:00:00
655,Asher,Green,M,2012-06-12,9,Active,120,2025-03-29 15:00:00,2025-10-12 12:00:00
656,Samantha,King,F,2010-07-15,10,Inactive,120,2025-03-31 15:00:00,2025-10-15 12:00:00
657,Bella,Rodriguez,F,2010-11-05,9,Inactive,120,2025-03-31 18:00:00,2025-08-11 12:00:00
658,Matthew,Lewis,M,2009-11-27,10,Inactive,120,2025-04-04 18:00:00,2025-05-23 12:00:00
659,Logan,Smith,M,2008-05-24,12,Inactive,120,2025-04-08 13:00:00,2025-10-22 12:00:00
660,Genesis,Martin,F,2009-11-16,10,Inactive,120,2025-04-10 14:00:00,2025-06-05 12:00:00
661,Grayson,Nelson,M,2010-04-22,9,Inactive,120,2025-04-11 13:00:00,2025-05-16 12:00:00
662,Isabella,Lopez,F,2008-07-04,12,Inactive,120,2025-04-14 18:00:00,2025-11-17 12:00:00
663,Lucy,Allen,F,2010-11-21,9,Inactive,120,2025-04-15 18:00:00,2025-06-10 12:00:00
664,Matthew,Lewis,M,2009-12-03,10,Inactive,120,2025-04-15 13:00:00,2025-05-20 12:00:00
665,Jack,Robinson,M,2009-09-21,11,Inactive,120,2025-04-18 13:00:00,2025-09-24 12:00:00
666,Noah,King,M,2013-09-17,6,Inactive,120,2025-04-18 15:00:00,2025-05-16 12:00:00
667,Carter,Hernandez,M,2012-09-13,7,Inactive,120,2025-04-19 16:00:00,2025-08-30 12:00:00
668,Hudson,Carter,M,2012-10-18,8,Inactive,120,2025-04-19 16:00:00,2025-09-19 12:00:00
669,Alexander,White,M,2010-10-07,10,Inactive,120,2025-04-28 18:00:00,2025-11-28 12:00:00
670,Paisley,Wilson,F,2009-10-08,10,Inactive,120,2025-04-30 17:00:00,2025-05-21 12:00:00
671,Michael,Wilson,M,2010-06-16,9,Inactive,120,2025-04-30 15:00:00,2025-09-10 12:00:00
672,Penelope,Harris,F,2013-03-16,7,Active,120,2025-05-01 14:00:00,2025-10-31 12:00:00
673,Elizabeth,Miller,F,2010-11-22,9,Inactive,120,2025-05-01 18:00:00,2025-06-19 12:00:00
674,Stella,Adams,F,2008-10-12,11,Inactive,120,2025-05-03 16:00:00,2025-09-13 12:00:00
675,Scarlet,Ramirez,F,2012-06-25,7,Inactive,120,2025-05-04 17:00:00,2025-09-14 12:00:00
676,Leah,Mitchell,F,2010-02-20,9,Inactive,120,2025-05-06 17:00:00,2025-05-13 12:00:00
677,Isabella,Nguyen,F,2012-07-02,8,Inactive,120,2025-05-07 17:00:00,2025-11-20 12:00:00
678,Sebastian,Brown,M,2010-01-10,11,Active,120,2025-05-08 18:00:00,2025-09-30 12:00:00
679,Scarlet,Martin,F,2009-01-19,10,Inactive,120,2025-05-09 14:00:00,2025-09-19 12:00:00
680,Skylar,Hall,F,2008-11-02,11,Inactive,120,2025-05-09 16:00:00,2025-06-27 12:00:00
681,Skylar,Carter,F,2008-11-15,11,Inactive,120,2025-05-12 18:00:00,2025-06-23 12:00:00
682,Ava,Hall,F,2008-03-07,12,Inactive,120,2025-05-12 14:00:00,2025-11-08 12:00:00
683,Leah,Anderson,F,2009-03-19,10,Inactive,120,2025-05-14 17:00:00,2025-09-24 12:00:00
684,Luca,Baker,M,2008-09-22,12,Inactive,120,2025-05-17 18:00:00,2025-09-22 12:00:00
685,Hannah,Allen,F,2008-04-04,12,Inactive,120,2025-05-19 17:00:00,2025-11-20 12:00:00
686,Avery,Moore,F,2009-08-20,10,Inactive,120,2025-05-19 14:00:00,2025-09-29 12:00:00
687,Hannah,Lopez,F,2012-07-13,9,Inactive,120,2025-05-21 13:00:00,2025-12-06 12:00:00
688,Hudson,Lee,M,2008-05-15,11,Inactive,120,2025-05-23 13:00:00,2025-10-03 12:00:00
689,Dylan,Martinez,M,2012-07-08,8,Inactive,120,2025-05-23 16:00:00,2025-09-13 12:00:00
690,Emily,Roberts,F,2009-09-20,11,Active,120,2025-05-24 13:00:00,2025-10-08 12:00:00
691,Caroline,Nelson,F,2009-09-15,10,Inactive,120,2025-05-28 15:00:00,2025-10-08 12:00:00
692,Samantha,Thomas,F,2009-08-12,10,Inactive,120,2025-05-29 13:00:00,2025-06-05 12:00:00
693,Ella,Ramirez,F,2009-03-16,10,Inactive,120,2025-05-30 14:00:00,2025-10-10 12:00:00
694,Emma,Young,F,2008-11-15,12,Inactive,120,2025-05-31 14:00:00,2025-09-17 12:00:00
695,Skylar,Sanchez,F,2009-08-11,11,Inactive,120,2025-06-01 17:00:00,2025-11-17 12:00:00
696,Violet,Mitchell,F,2008-11-05,12,Inactive,120,2025-06-03 14:00:00,2025-09-10 12:00:00
697,Levi,Miller,M,2010-05-22,10,Inactive,120,2025-06-05 14:00:00,2025-11-20 12:00:00
698,Samantha,Adams,F,2010-06-23,10,Active,120,2025-06-06 14:00:00,2025-09-26 12:00:00
699,Willow,Rodriguez,F,2008-01-13,12,Inactive,120,2025-06-06 15:00:00,2025-09-08 12:00:00
700,Maya,Flores,F,2008-02-23,12,Active,120,2025-06-08 13:00:00,2025-10-02 12:00:00
701,Daniel,Thompson,M,2008-09-17,11,Inactive,120,2025-06-08 16:00:00,2025-10-19 12:00:00
702,Evelyn,Green,F,2008-08-16,11,Inactive,120,2025-06-09 14:00:00,2025-06-16 12:00:00
703,Anthony,Young,M,2008-04-05,12,Inactive,120,2025-06-11 13:00:00,2025-10-14 12:00:00
704,Maya,Roberts,F,2010-08-26,10,Inactive,120,2025-06-11 14:00:00,2025-11-30 12:00:00
705,Aria,Thomas,F,2008-05-14,11,Inactive,120,2025-06-12 18:00:00,2025-06-19 12:00:00
706,Victoria,Hall,F,2008-01-18,12,Inactive,120,2025-06-15 17:00:00,2025-11-10 12:00:00
707,Lincoln,Hernandez,M,2010-03-08,9,Inactive,120,2025-06-15 17:00:00,2025-10-26 12:00:00
708,Oliver,Jones,M,2013-07-26,8,Inactive,120,2025-06-16 17:00:00,2025-11-18 12:00:00
709,John,Gonzalez,M,2008-02-01,11,Inactive,120,2025-06-17 16:00:00,2025-10-28 12:00:00
710,Stella,Robinson,F,2012-08-01,8,Inactive,120,2025-06-19 17:00:00,2025-10-25 12:00:00
711,Hazel,Lewis,F,2010-06-27,9,Inactive,120,2025-06-19 17:00:00,2025-06-26 12:00:00
712,Sofia,Harris,F,2010-05-08,9,Inactive,120,2025-06-20 14:00:00,2025-06-27 12:00:00
713,Stella,Johnson,F,2008-12-22,12,Inactive,120,2025-06-20 15:00:00,2025-10-16 12:00:00
714,Grace,Jones,F,2009-12-12,10,Inactive,120,2025-06-21 17:00:00,2025-11-01 12:00:00
715,Emily,Baker,F,2008-02-20,12,Inactive,120,2025-06-22 16:00:00,2025-09-17 12:00:00
716,Jayden,Brown,M,2010-05-07,9,Inactive,120,2025-06-22 17:00:00,2025-06-29 12:00:00
717,Aria,Martinez,F,2008-04-16,11,Inactive,120,2025-06-23 18:00:00,2025-07-07 12:00:00
718,Elijah,Scott,M,2013-11-04,6,Inactive,120,2025-06-24 18:00:00,2025-07-01 12:00:00
719,Hazel,Nguyen,F,2009-01-20,11,Active,120,2025-06-26 16:00:00,2025-10-18 12:00:00
720,Gabriel,Baker,M,2010-01-10,10,Inactive,120,2025-06-27 16:00:00,2025-10-24 12:00:00
721,Ezra,Torres,M,2013-02-24,6,Inactive,120,2025-06-27 18:00:00,2025-11-07 12:00:00
722,Abigail,Jackson,F,2010-03-20,9,Inactive,120,2025-06-28 13:00:00,2025-07-05 12:00:00
723,Benjamin,King,M,2008-05-25,11,Inactive,120,2025-06-28 13:00:00,2025-07-05 12:00:00
724,Aubrey,Green,F,2008-04-12,11,Inactive,120,2025-06-30 15:00:00,2025-11-10 12:00:00
725,Scarlet,Martinez,F,2008-01-05,11,Inactive,120,2025-07-01 17:00:00,2025-11-11 12:00:00
726,Lucy,Roberts,F,2008-07-13,11,Inactive,120,2025-07-03 18:00:00,2025-07-10 12:00:00
727,Logan,Harris,M,2009-12-19,12,Inactive,120,2025-07-04 18:00:00,2025-09-27 12:00:00
728,Charles,Smith,M,2012-10-27,9,Active,120,2025-07-05 14:00:00,2025-11-11 12:00:00
729,Levi,Hall,M,2013-02-01,6,Inactive,120,2025-07-06 16:00:00,2025-11-16 12:00:00
730,Claire,Flores,F,2010-06-12,9,Inactive,120,2025-07-06 13:00:00,2025-10-26 12:00:00
731,Mia,Nguyen,F,2010-04-26,11,Inactive,120,2025-07-07 14:00:00,2025-11-28 12:00:00
732,Hannah,Clark,F,2008-03-10,11,Inactive,120,2025-07-09 16:00:00,2025-11-19 12:00:00
733,Henry,Miller,M,2010-05-22,10,Inactive,120,2025-07-09 15:00:00,2025-11-27 12:00:00
734,Jayden,Clark,M,2009-03-06,11,Active,120,2025-07-10 17:00:00,2025-09-12 12:00:00
735,Violet,Nelson,F,2008-10-08,12,Inactive,120,2025-07-10 13:00:00,2025-10-10 12:00:00
736,Mia,Rivera,F,2010-08-19,10,Inactive,120,2025-07-15 16:00:00,2025-11-21 12:00:00
737,Samantha,Carter,F,2012-01-25,8,Active,120,2025-07-15 15:00:00,2025-10-06 12:00:00
738,Aubrey,Torres,F,2013-05-25,8,Active,120,2025-07-16 18:00:00,2025-10-31 12:00:00
739,Emily,Campbell,F,2013-01-06,6,Inactive,120,2025-07-23 15:00:00,2025-12-03 12:00:00
740,Alexander,Roberts,M,2010-09-26,12,Inactive,120,2025-07-24 17:00:00,2025-12-07 12:00:00
741,Leo,Garcia,M,2008-03-05,11,Inactive,120,2025-07-25 16:00:00,2025-08-01 12:00:00
742,Amelia,Ramirez,F,2008-10-24,12,Inactive,120,2025-07-25 17:00:00,2025-11-28 12:00:00
743,Lucas,Scott,M,2013-09-21,6,Inactive,120,2025-07-26 13:00:00,2025-12-06 12:00:00
744,Jayden,Campbell,M,2010-06-10,9,Inactive,120,2025-07-26 18:00:00,2025-12-06 12:00:00
745,Elizabeth,Brown,F,2008-03-26,12,Inactive,120,2025-07-27 13:00:00,2025-10-13 12:00:00
746,Emilia,Sanchez,F,2010-05-25,11,Inactive,120,2025-07-28 18:00:00,2025-11-04 12:00:00
747,Jacob,Roberts,M,2010-07-25,10,Inactive,120,2025-07-28 14:00:00,2025-10-29 12:00:00
748,Ellie,Nguyen,F,2010-11-26,9,Inactive,120,2025-07-30 15:00:00,2025-12-10 12:00:00
749,Victoria,Walker,F,2013-10-12,6,Inactive,120,2025-07-30 17:00:00,2025-12-10 12:00:00
750,Maya,Harris,F,2012-09-26,7,Inactive,120,2025-07-31 15:00:00,2025-08-07 12:00:00
751,Zoey,Thompson,F,2012-02-25,7,Inactive,120,2025-08-01 15:00:00,2025-08-08 12:00:00
752,Penelope,Adams,F,2009-11-20,11,Inactive,120,2025-08-01 15:00:00,2025-09-26 12:00:00
753,Elias,Davis,M,2013-08-04,7,Inactive,120,2025-08-02 18:00:00,2025-11-20 12:00:00
754,Wyatt,Flores,M,2009-07-08,10,Inactive,120,2025-08-06 13:00:00,2025-08-13 12:00:00
755,Penelope,Perez,F,2009-12-09,10,Inactive,120,2025-08-06 17:00:00,2025-08-13 12:00:00
756,Scarlett,Thompson,F,2008-02-16,12,Inactive,120,2025-08-07 15:00:00,2025-10-31 12:00:00
757,Josiah,Thomas,M,2009-12-06,11,Inactive,120,2025-08-08 15:00:00,2025-09-08 12:00:00
758,Ethan,Ramirez,M,2010-10-13,10,Active,120,2025-08-10 18:00:00,2025-10-01 12:00:00
759,Riley,Hall,F,2010-07-15,9,Inactive,120,2025-08-11 17:00:00,2025-08-18 12:00:00
760,Lily,Young,F,2012-06-19,9,Inactive,120,2025-08-11 17:00:00,2025-09-20 12:00:00
761,Skylar,Jackson,F,2010-09-27,9,Inactive,120,2025-08-13 18:00:00,2025-12-24 12:00:00
762,Theodore,Baker,M,2012-12-27,8,Inactive,120,2025-08-14 14:00:00,2025-09-18 12:00:00
763,Asher,Miller,M,2010-10-27,9,Inactive,120,2025-08-14 16:00:00,2025-08-21 12:00:00
764,Mia,Brown,F,2009-07-22,11,Inactive,120,2025-08-15 15:00:00,2025-10-23 12:00:00
765,Oliver,Ramirez,M,2010-08-27,9,Inactive,120,2025-08-15 13:00:00,2025-08-22 12:00:00
766,Carter,Lee,M,2009-12-13,11,Inactive,120,2025-08-16 13:00:00,2025-10-26 12:00:00
767,Violet,Brown,F,2009-01-09,11,Inactive,120,2025-08-17 17:00:00,2025-10-23 12:00:00
768,Hannah,Garcia,F,2010-05-11,11,Inactive,120,2025-08-19 15:00:00,2025-10-26 12:00:00
769,Harper,Baker,F,2008-09-11,12,Inactive,120,2025-08-20 17:00:00,2025-11-15 12:00:00
770,Leah,Green,F,2008-05-27,11,Active,120,2025-08-20 13:00:00,2025-08-20 13:00:00
771,David,Carter,M,2009-12-23,11,Active,120,2025-08-21 13:00:00,2025-09-28 12:00:00
772,Anthony,Williams,M,2012-05-12,7,Active,120,2025-08-21 15:00:00,2025-08-21 15:00:00
773,Scarlet,Walker,F,2009-05-03,11,Inactive,120,2025-08-25 15:00:00,2025-11-11 12:00:00
774,Claire,Lewis,F,2013-06-02,8,Active,120,2025-08-25 17:00:00,2025-11-27 12:00:00
775,Scarlet,Johnson,F,2010-03-08,10,Active,120,2025-08-26 13:00:00,2025-09-20 12:00:00
776,Penelope,Smith,F,2013-08-07,6,Active,120,2025-08-27 16:00:00,2025-08-27 16:00:00
777,Noah,Hill,M,2010-07-07,9,Inactive,120,2025-08-27 18:00:00,2025-09-03 12:00:00
778,Jacob,White,M,2010-07-03,10,Inactive,120,2025-08-28 17:00:00,2025-10-03 12:00:00
779,Lily,Harris,F,2009-11-14,10,Inactive,120,2025-08-28 14:00:00,2025-09-04 12:00:00
780,Leo,Jackson,M,2009-02-20,11,Inactive,120,2025-08-30 16:00:00,2025-09-20 12:00:00
781,Claire,Rodriguez,F,2009-05-07,11,Inactive,120,2025-08-30 17:00:00,2025-10-19 12:00:00
782,Jacob,Lopez,M,2012-07-21,8,Active,120,2025-08-31 18:00:00,2025-09-12 12:00:00
783,Willow,Sanchez,F,2013-09-17,6,Active,120,2025-08-31 17:00:00,2025-08-31 17:00:00
784,Grayson,Clark,M,2010-07-21,10,Active,120,2025-09-01 15:00:00,2025-11-07 12:00:00
785,Lily,Thompson,F,2008-07-25,11,Inactive,120,2025-09-02 18:00:00,2025-09-09 12:00:00
786,Mason,Nguyen,M,2008-04-25,12,Inactive,120,2025-09-02 17:00:00,2025-10-30 12:00:00
787,Sebastian,Harris,M,2012-10-06,9,Inactive,120,2025-09-03 17:00:00,2025-11-01 12:00:00
788,Penelope,Thompson,F,2009-08-13,10,Active,120,2025-09-04 18:00:00,2025-09-04 18:00:00
789,Amelia,Mitchell,F,2010-09-18,9,Inactive,120,2025-09-04 13:00:00,2025-09-11 12:00:00
790,Victoria,Torres,F,2010-01-04,10,Active,120,2025-09-06 14:00:00,2025-10-18 12:00:00
791,Riley,Thomas,F,2009-03-10,12,Inactive,120,2025-09-06 15:00:00,2025-11-16 12:00:00
792,Ethan,Clark,M,2012-06-02,7,Inactive,120,2025-09-07 16:00:00,2025-09-14 12:00:00
793,Scarlet,Moore,F,2013-07-18,6,Active,120,2025-09-08 18:00:00,2025-09-08 18:00:00
794,Lucas,White,M,2012-12-20,7,Active,120,2025-09-08 15:00:00,2025-09-08 15:00:00
795,Caroline,Walker,F,2010-01-10,10,Active,120,2025-09-09 16:00:00,2025-10-06 12:00:00
796,Harper,Campbell,F,2010-02-04,9,Active,120,2025-09-09 14:00:00,2025-09-09 14:00:00
797,Avery,Torres,F,2009-03-23,10,Inactive,120,2025-09-10 17:00:00,2025-09-17 12:00:00
798,Riley,Taylor,F,2010-06-15,10,Active,120,2025-09-10 15:00:00,2025-09-29 12:00:00
799,Asher,White,M,2010-02-16,9,Active,120,2025-09-11 17:00:00,2025-09-11 17:00:00
800,William,Johnson,M,2009-09-08,10,Inactive,120,2025-09-12 17:00:00,2025-09-19 12:00:00
801,David,Sanchez,M,2013-07-28,6,Active,120,2025-09-12 13:00:00,2025-09-12 13:00:00
802,Kennedy,Flores,F,2010-07-08,10,Inactive,120,2025-09-13 16:00:00,2025-10-17 12:00:00
803,Paisley,King,F,2009-05-26,10,Active,120,2025-09-13 17:00:00,2025-09-13 17:00:00
804,Nora,Hall,F,2008-02-09,11,Active,120,2025-09-14 15:00:00,2025-09-14 15:00:00
805,Paisley,Lee,F,2009-08-02,12,Inactive,120,2025-09-15 17:00:00,2025-11-07 12:00:00
806,Levi,Martinez,M,2008-01-03,12,Active,120,2025-09-15 17:00:00,2025-10-28 12:00:00
807,Henry,Adams,M,2008-03-23,11,Inactive,120,2025-09-16 16:00:00,2025-09-23 12:00:00
808,Nova,Walker,F,2010-08-09,9,Active,120,2025-09-17 17:00:00,2025-09-17 17:00:00
809,Mateo,Walker,M,2013-07-17,6,Inactive,120,2025-09-17 17:00:00,2025-09-24 12:00:00
810,Jack,Walker,M,2008-06-27,12,Inactive,120,2025-09-18 15:00:00,2025-11-09 12:00:00
811,Isabella,Mitchell,F,2010-02-09,9,Inactive,120,2025-09-20 17:00:00,2025-09-27 12:00:00
812,Elias,Mitchell,M,2013-11-19,6,Inactive,120,2025-09-20 18:00:00,2025-09-27 12:00:00
813,Jack,Taylor,M,2009-11-04,12,Inactive,120,2025-09-21 18:00:00,2025-12-05 12:00:00
814,Michael,Wilson,M,2010-12-06,9,Inactive,120,2025-09-21 15:00:00,2025-09-28 12:00:00
815,Caroline,Taylor,F,2013-12-13,6,Inactive,120,2025-09-22 17:00:00,2025-09-29 12:00:00
816,Charles,Hall,M,2013-08-23,7,Inactive,120,2025-09-22 15:00:00,2025-10-20 12:00:00
817,Isaac,Thomas,M,2013-06-16,6,Inactive,120,2025-09-23 16:00:00,2025-09-30 12:00:00
818,Maverick,Thompson,M,2009-11-08,10,Active,120,2025-09-23 16:00:00,2025-09-23 16:00:00
819,Evelyn,Williams,F,2010-08-08,9,Inactive,120,2025-09-24 16:00:00,2025-10-01 12:00:00
820,Julian,Johnson,M,2008-10-21,11,Active,120,2025-09-24 13:00:00,2025-09-24 13:00:00
821,Ella,Adams,F,2012-03-27,8,Inactive,120,2025-09-26 15:00:00,2025-10-23 12:00:00
822,Mason,Mitchell,M,2008-05-13,12,Inactive,120,2025-09-26 14:00:00,2025-10-13 12:00:00
823,Ella,Miller,F,2013-08-05,6,Inactive,120,2025-09-27 17:00:00,2025-10-04 12:00:00
824,Skylar,Miller,F,2010-09-21,9,Active,120,2025-09-28 16:00:00,2025-09-28 16:00:00
825,Ezra,Davis,M,2010-03-27,9,Inactive,120,2025-09-28 14:00:00,2025-10-19 12:00:00
826,Nora,Hall,F,2010-11-20,9,Active,120,2025-09-29 18:00:00,2025-09-29 18:00:00
827,Charles,Taylor,M,2013-01-01,6,Inactive,120,2025-09-29 15:00:00,2025-10-06 12:00:00
828,Jack,Nelson,M,2013-01-13,6,Inactive,120,2025-10-01 15:00:00,2025-10-08 12:00:00
829,Maverick,Taylor,M,2008-02-20,11,Inactive,120,2025-10-01 14:00:00,2025-10-08 12:00:00
830,Harper,Garcia,F,2008-09-27,12,Active,120,2025-10-02 14:00:00,2025-10-16 12:00:00
831,Wyatt,Carter,M,2008-10-11,11,Inactive,120,2025-10-03 14:00:00,2025-10-10 12:00:00
832,Scarlett,Smith,F,2013-02-12,6,Inactive,120,2025-10-03 14:00:00,2025-10-10 12:00:00
833,Anna,Robinson,F,2009-04-03,10,Inactive,120,2025-10-04 16:00:00,2025-10-11 12:00:00
834,Emily,White,F,2008-01-20,11,Inactive,120,2025-10-04 17:00:00,2025-10-11 12:00:00
835,Jayden,Ramirez,M,2009-08-05,10,Inactive,120,2025-10-05 15:00:00,2025-10-12 12:00:00
836,Ella,Thompson,F,2010-03-18,9,Active,120,2025-10-05 14:00:00,2025-10-05 14:00:00
837,Isaac,Sanchez,M,2008-07-27,11,Active,120,2025-10-06 16:00:00,2025-10-06 16:00:00
838,Amelia,Taylor,F,2008-07-13,12,Inactive,120,2025-10-08 17:00:00,2025-10-31 12:00:00
839,David,Campbell,M,2008-05-15,11,Active,120,2025-10-08 15:00:00,2025-10-08 15:00:00
840,Lily,Martin,F,2013-09-15,6,Active,120,2025-10-09 18:00:00,2025-10-09 18:00:00
841,Wyatt,Clark,M,2009-07-08,10,Inactive,120,2025-10-09 15:00:00,2025-10-16 12:00:00
842,Anna,Flores,F,2009-10-21,10,Inactive,120,2025-10-10 14:00:00,2025-10-17 12:00:00
843,Grace,White,F,2013-01-10,6,Inactive,120,2025-10-10 16:00:00,2025-10-17 12:00:00
844,Elizabeth,Smith,F,2008-06-27,11,Active,120,2025-10-11 13:00:00,2025-10-11 13:00:00
845,Hannah,Young,F,2008-03-09,11,Active,120,2025-10-11 15:00:00,2025-10-11 15:00:00
846,Sebastian,Lewis,M,2009-11-23,11,Inactive,120,2025-10-13 16:00:00,2025-11-21 12:00:00
847,Emilia,Harris,F,2008-02-09,11,Active,120,2025-10-14 17:00:00,2025-10-14 17:00:00
848,Emilia,Perez,F,2010-05-02,11,Inactive,120,2025-10-14 14:00:00,2025-12-03 12:00:00
849,Jack,Campbell,M,2013-03-23,6,Inactive,120,2025-10-15 16:00:00,2025-10-22 12:00:00
850,Caroline,Mitchell,F,2013-10-02,7,Inactive,120,2025-10-16 18:00:00,2025-11-22 12:00:00
851,Sophia,Green,F,2010-03-20,11,Inactive,120,2025-10-16 16:00:00,2025-12-03 12:00:00
852,Theodore,Johnson,M,2010-12-21,10,Inactive,120,2025-10-17 13:00:00,2025-11-06 12:00:00
853,Ezra,Rodriguez,M,2010-07-25,10,Inactive,120,2025-10-18 14:00:00,2025-11-12 12:00:00
854,Riley,Rivera,F,2012-09-03,7,Inactive,120,2025-10-18 17:00:00,2025-10-25 12:00:00
855,Grace,Jackson,F,2012-10-15,8,Inactive,120,2025-10-19 17:00:00,2025-11-05 12:00:00
856,Kennedy,Scott,F,2013-11-15,6,Inactive,120,2025-10-21 17:00:00,2025-10-28 12:00:00
857,Henry,Nguyen,M,2008-04-20,11,Inactive,120,2025-10-21 17:00:00,2025-10-28 12:00:00
858,Sophia,Scott,F,2013-08-28,6,Active,120,2025-10-22 14:00:00,2025-10-22 14:00:00
859,Emilia,White,F,2009-02-19,10,Inactive,120,2025-10-23 18:00:00,2025-10-30 12:00:00
860,Elijah,Hernandez,M,2010-12-11,9,Inactive,120,2025-10-24 16:00:00,2025-10-31 12:00:00
861,Elizabeth,Hill,F,2010-01-18,10,Active,120,2025-10-25 13:00:00,2025-11-22 12:00:00
862,Ava,Johnson,F,2010-09-23,9,Inactive,120,2025-10-25 14:00:00,2025-12-13 12:00:00
863,Levi,Clark,M,2009-11-17,10,Active,120,2025-10-26 13:00:00,2025-10-26 13:00:00
864,Aubrey,Adams,F,2008-11-03,12,Inactive,120,2025-10-26 18:00:00,2025-11-19 12:00:00
865,Aubrey,Walker,F,2010-09-27,9,Active,120,2025-10-27 17:00:00,2025-10-27 17:00:00
866,Alexander,Perez,M,2009-07-28,10,Inactive,120,2025-10-28 13:00:00,2025-11-04 12:00:00
867,Caroline,Johnson,F,2009-05-12,12,Inactive,120,2025-10-29 14:00:00,2025-12-06 12:00:00
868,Kennedy,Ramirez,F,2012-04-11,7,Inactive,120,2025-10-30 17:00:00,2025-11-06 12:00:00
869,Olivia,Lewis,F,2010-05-23,9,Active,120,2025-10-30 18:00:00,2025-10-30 18:00:00
870,Stella,Baker,F,2013-07-28,6,Inactive,120,2025-10-31 13:00:00,2025-11-07 12:00:00
871,Aubrey,Rodriguez,F,2012-05-28,7,Inactive,120,2025-10-31 14:00:00,2025-11-07 12:00:00
872,Lucas,Lee,M,2009-09-07,10,Inactive,120,2025-11-03 17:00:00,2025-11-10 12:00:00
873,Owen,Taylor,M,2008-12-04,11,Active,120,2025-11-03 15:00:00,2025-11-03 15:00:00
874,Sophia,Gonzalez,F,2010-06-03,9,Inactive,120,2025-11-04 18:00:00,2025-11-11 12:00:00
875,Ellie,Scott,F,2008-10-14,11,Inactive,120,2025-11-05 16:00:00,2025-11-12 12:00:00
876,Lucy,Johnson,F,2009-12-17,10,Inactive,120,2025-11-08 17:00:00,2025-11-15 12:00:00
877,Ethan,Moore,M,2013-07-11,6,Inactive,120,2025-11-09 16:00:00,2025-11-16 12:00:00
878,Claire,Smith,F,2013-05-25,6,Inactive,120,2025-11-09 15:00:00,2025-11-16 12:00:00
879,Amelia,Lopez,F,2009-04-02,10,Active,120,2025-11-10 15:00:00,2025-11-10 15:00:00
880,Nora,Anderson,F,2009-12-04,10,Active,120,2025-11-11 17:00:00,2025-11-11 17:00:00
881,Asher,Lopez,M,2008-11-21,11,Active,120,2025-11-11 16:00:00,2025-11-11 16:00:00
882,Logan,Flores,M,2010-06-21,9,Inactive,120,2025-11-12 13:00:00,2025-11-19 12:00:00
883,Anna,Lewis,F,2008-02-24,11,Active,120,2025-11-12 17:00:00,2025-11-12 17:00:00
884,Chloe,Garcia,F,2009-04-25,10,Active,120,2025-11-13 14:00:00,2025-11-13 14:00:00
885,Julian,Wright,M,2013-08-14,6,Inactive,120,2025-11-15 18:00:00,2025-11-22 12:00:00
886,Nora,Thompson,F,2008-03-05,11,Active,120,2025-11-16 15:00:00,2025-11-16 15:00:00
887,Aurora,Martin,F,2010-01-16,9,Inactive,120,2025-11-16 13:00:00,2025-11-23 12:00:00
888,Stella,Flores,F,2009-11-21,10,Inactive,120,2025-11-17 18:00:00,2025-11-24 12:00:00
889,Owen,Williams,M,2008-02-09,11,Inactive,120,2025-11-18 14:00:00,2025-11-25 12:00:00
890,Isaac,Baker,M,2008-02-17,11,Inactive,120,2025-11-18 16:00:00,2025-11-25 12:00:00
891,Victoria,Smith,F,2009-07-20,10,Active,120,2025-11-19 14:00:00,2025-11-19 14:00:00
892,Stella,Harris,F,2008-06-20,11,Inactive,120,2025-11-20 17:00:00,2025-11-27 12:00:00
893,Aria,Clark,F,2010-10-03,9,Inactive,120,2025-11-20 14:00:00,2025-11-27 12:00:00
894,Hazel,Perez,F,2013-10-06,6,Inactive,120,2025-11-22 16:00:00,2025-11-29 12:00:00
895,Hannah,Lewis,F,2010-04-17,9,Inactive,120,2025-11-23 14:00:00,2025-11-30 12:00:00
896,Scarlet,Lopez,F,2008-02-03,11,Inactive,120,2025-11-24 16:00:00,2025-12-01 12:00:00
897,Hazel,Flores,F,2008-12-19,11,Active,120,2025-11-25 13:00:00,2025-11-25 13:00:00
898,Aubrey,Campbell,F,2012-03-10,7,Inactive,120,2025-11-25 13:00:00,2025-12-02 12:00:00
899,Samantha,Brown,F,2008-08-13,11,Inactive,120,2025-11-26 16:00:00,2025-12-03 12:00:00
900,Grayson,Miller,M,2008-07-12,11,Inactive,120,2025-11-26 14:00:00,2025-12-03 12:00:00
901,Skylar,Martin,F,2013-04-27,6,Inactive,120,2025-11-27 17:00:00,2025-12-04 12:00:00
902,Kennedy,Davis,F,2012-07-26,7,Inactive,120,2025-11-28 17:00:00,2025-12-05 12:00:00
903,Olivia,Lee,F,2012-12-01,7,Inactive,120,2025-11-29 16:00:00,2025-12-06 12:00:00
904,Kennedy,Brown,F,2009-07-15,10,Active,120,2025-11-30 16:00:00,2025-11-30 16:00:00
905,Paisley,Baker,F,2009-04-02,10,Inactive,120,2025-11-30 16:00:00,2025-12-07 12:00:00
906,Nora,Wilson,F,2009-06-13,10,Inactive,120,2025-12-01 14:00:00,2025-12-08 12:00:00
907,Chloe,Ramirez,F,2008-01-25,11,Active,120,2025-12-01 18:00:00,2025-12-01 18:00:00
908,Claire,Lewis,F,2012-04-10,7,Active,120,2025-12-03 18:00:00,2025-12-03 18:00:00
909,Riley,Perez,F,2008-08-05,11,Active,120,2025-12-04 15:00:00,2025-12-04 15:00:00
910,Scarlett,Scott,F,2010-03-25,9,Inactive,120,2025-12-04 14:00:00,2025-12-11 12:00:00
911,Mason,Hall,M,2009-07-22,10,Inactive,120,2025-12-05 13:00:00,2025-12-12 12:00:00
912,Elijah,Rivera,M,2009-09-22,10,Inactive,120,2025-12-09 16:00:00,2025-12-16 12:00:00
913,Kennedy,Lewis,F,2008-06-25,11,Inactive,120,2025-12-10 15:00:00,2025-12-17 12:00:00
914,Maya,Ramirez,F,2009-04-24,10,Inactive,120,2025-12-10 16:00:00,2025-12-17 12:00:00
915,Violet,Hall,F,2008-11-22,11,Active,120,2025-12-11 18:00:00,2025-12-11 18:00:00
916,Victoria,Lopez,F,2010-04-13,9,Active,120,2025-12-11 16:00:00,2025-12-11 16:00:00
917,Daniel,White,M,2009-11-18,10,Inactive,120,2025-12-13 16:00:00,2025-12-20 12:00:00
918,Matthew,Thompson,M,2008-04-15,11,Active,120,2025-12-13 17:00:00,2025-12-13 17:00:00
919,Mason,Johnson,M,2008-12-25,11,Inactive,120,2025-12-18 13:00:00,2025-12-25 12:00:00
920,Hazel,Green,F,2009-04-17,10,Inactive,120,2025-12-18 13:00:00,2025-12-25 12:00:00
921,John,Johnson,M,2010-11-01,9,Inactive,120,2025-12-19 14:00:00,2025-12-26 12:00:00
922,Daniel,Roberts,M,2010-09-17,9,Inactive,120,2025-12-19 14:00:00,2025-12-26 12:00:00
923,Jack,Williams,M,2012-08-13,7,Active,120,2025-12-20 18:00:00,2025-12-20 18:00:00
924,Penelope,Roberts,F,2010-09-10,9,Active,120,2025-12-20 14:00:00,2025-12-20 14:00:00
925,Olivia,Rivera,F,2010-04-17,9,Active,120,2025-12-21 16:00:00,2025-12-21 16:00:00
926,Skylar,Thompson,F,2010-05-04,9,Active,120,2025-12-23 15:00:00,2025-12-23 15:00:00
927,Zoey,Miller,F,2009-12-01,10,Active,120,2025-12-23 13:00:00,2025-12-23 13:00:00
928,Aiden,Brown,M,2012-05-27,7,Active,120,2025-12-24 16:00:00,2025-12-24 16:00:00
929,Logan,Hill,M,2013-04-04,6,Active,120,2025-12-24 17:00:00,2025-12-24 17:00:00
930,Emma,Nguyen,F,2008-01-21,11,Active,120,2025-12-27 17:00:00,2025-12-27 17:00:00
931,Willow,Thomas,F,2008-10-20,11,Active,120,2025-12-27 16:00:00,2025-12-27 16:00:00
932,Zoey,Torres,F,2013-03-13,6,Active,120,2025-12-28 15:00:00,2025-12-28 15:00:00
933,Aiden,Adams,M,2010-03-11,9,Active,120,2025-12-28 16:00:00,2025-12-28 16:00:00
